500,1,64,0.001000,0.001000,256,Rectangle,2,2,100,0.200000
1.0000000000000000
1.0000000000000000
1.0000000000000000
1.0000000000000000
1.0000000000000000
1.0000000000000000
1.0000000000000000
1.0000000000000000
1.0000000000000000
1.0000000000000000
1.0000000000000000
1.0000000000000000
1.0000000000000000
1.0000000000000000
1.0000000000000000
1.0000000000000000
1.0000000000000000
1.0000000000000000
1.0000000000000000
1.0000000000000000
1.0000000000000000
1.0000000000000000
1.0000000000000000
1.0000000000000000
1.0000000000000000
1.0000000000000000
1.0000000000000000
1.0000000000000000
1.0000000000000000
1.0000000000000000
1.0000000000000000
1.0000000000000000
1.0000000000000000
1.0000000000000000
1.0000000000000000
1.0000000000000000
1.0000000000000000
1.0000000000000000
1.0000000000000000
1.0000000000000000
1.0000000000000000
1.0000000000000000
1.0000000000000000
1.0000000000000000
1.0000000000000000
1.0000000000000000
1.0000000000000000
1.0000000000000000
1.0000000000000000
1.0000000000000000
1.0000000000000000
1.0000000000000000
1.0000000000000000
1.0000000000000000
1.0000000000000000
1.0000000000000000
1.0000000000000000
1.0000000000000000
1.0000000000000000
1.0000000000000000
1.0000000000000000
1.0000000000000000
1.0000000000000000
1.0000000000000000
1.0000000000000000
1.0000000000000000
1.0000000000000000
1.0000000000000000
1.0000000000000000
1.0000000000000000
1.0000000000000000
1.0000000000000000
1.0000000000000000
1.0000000000000000
1.0000000000000000
1.0000000000000000
1.0000000000000000
1.0000000000000000
1.0000000000000000
1.0000000000000000
1.0000000000000000
1.0000000000000000
1.0000000000000000
1.0000000000000000
1.0000000000000000
1.0000000000000000
1.0000000000000000
1.0000000000000000
1.0000000000000000
1.0000000000000000
1.0000000000000000
1.0000000000000000
1.0000000000000000
1.0000000000000000
1.0000000000000000
1.0000000000000000
1.0000000000000000
1.0000000000000000
1.0000000000000000
1.0000000000000000
1.0000000000000000
1.0000000000000000
1.0000000000000000
1.0000000000000000
1.0000000000000000
1.0000000000000000
1.0000000000000000
1.0000000000000000
1.0000000000000000
1.0000000000000000
1.0000000000000000
1.0000000000000000
1.0000000000000000
1.0000000000000000
1.0000000000000000
1.0000000000000000
1.0000000000000000
1.0000000000000000
1.0000000000000000
1.0000000000000000
1.0000000000000000
1.0000000000000000
1.0000000000000000
1.0000000000000000
1.0000000000000000
1.0000000000000000
1.0000000000000000
1.0000000000000000
1.0000000000000000
1.0000000000000000
1.0000000000000000
1.0000000000000000
1.0000000000000000
1.0000000000000000
1.0000000000000000
1.0000000000000000
1.0000000000000000
1.0000000000000000
1.0000000000000000
1.0000000000000000
1.0000000000000000
1.0000000000000000
1.0000000000000000
1.0000000000000000
1.0000000000000000
1.0000000000000000
1.0000000000000000
1.0000000000000000
1.0000000000000000
1.0000000000000000
1.0000000000000000
1.0000000000000000
1.0000000000000000
1.0000000000000000
1.0000000000000000
1.0000000000000000
1.0000000000000000
1.0000000000000000
1.0000000000000000
1.0000000000000000
1.0000000000000000
1.0000000000000000
1.0000000000000000
1.0000000000000000
1.0000000000000000
1.0000000000000000
1.0000000000000000
1.0000000000000000
1.0000000000000000
1.0000000000000000
1.0000000000000000
1.0000000000000000
1.0000000000000000
1.0000000000000000
1.0000000000000000
1.0000000000000000
1.0000000000000000
1.0000000000000000
1.0000000000000000
1.0000000000000000
1.0000000000000000
1.0000000000000000
1.0000000000000000
1.0000000000000000
1.0000000000000000
1.0000000000000000
1.0000000000000000
1.0000000000000000
1.0000000000000000
1.0000000000000000
1.0000000000000000
1.0000000000000000
1.0000000000000000
1.0000000000000000
1.0000000000000000
1.0000000000000000
1.0000000000000000
1.0000000000000000
1.0000000000000000
1.0000000000000000
1.0000000000000000
1.0000000000000000
1.0000000000000000
1.0000000000000000
1.0000000000000000
1.0000000000000000
1.0000000000000000
1.0000000000000000
1.0000000000000000
1.0000000000000000
1.0000000000000000
1.0000000000000000
1.0000000000000000
1.0000000000000000
1.0000000000000000
1.0000000000000000
1.0000000000000000
1.0000000000000000
1.0000000000000000
1.0000000000000000
1.0000000000000000
1.0000000000000000
1.0000000000000000
1.0000000000000000
1.0000000000000000
1.0000000000000000
1.0000000000000000
1.0000000000000000
1.0000000000000000
1.0000000000000000
1.0000000000000000
1.0000000000000000
1.0000000000000000
1.0000000000000000
1.0000000000000000
1.0000000000000000
1.0000000000000000
1.0000000000000000
1.0000000000000000
1.0000000000000000
1.0000000000000000
1.0000000000000000
1.0000000000000000
1.0000000000000000
1.0000000000000000
1.0000000000000000
1.0000000000000000
1.0000000000000000
1.0000000000000000
1.0000000000000000
1.0000000000000000
1.0000000000000000
1.0000000000000000
1.0000000000000000
1.0000000000000000
1.0000000000000000
1.0000000000000000
1.0000000000000000
1.0000000000000000
1.0000000000000000
1.0000000000000000
1.0000000000000000
1.0000000000000000
1.0000000000000000
1.0000000000000000
1.0000000000000000
1.0000000000000000
1.0000000000000000
1.0000000000000000
1.0000000000000000
1.0000000000000000
1.0000000000000000
1.0000000000000000
1.0000000000000000
1.0000000000000000
1.0000000000000000
1.0000000000000000
1.0000000000000000
1.0000000000000000
1.0000000000000000
1.0000000000000000
1.0000000000000000
1.0000000000000000
1.0000000000000000
1.0000000000000000
1.0000000000000000
1.0000000000000000
1.0000000000000000
1.0000000000000000
1.0000000000000000
1.0000000000000000
1.0000000000000000
1.0000000000000000
1.0000000000000000
1.0000000000000000
1.0000000000000000
1.0000000000000000
1.0000000000000000
1.0000000000000000
1.0000000000000000
1.0000000000000000
1.0000000000000000
1.0000000000000000
1.0000000000000000
1.0000000000000000
1.0000000000000000
1.0000000000000000
1.0000000000000000
1.0000000000000000
1.0000000000000000
1.0000000000000000
1.0000000000000000
1.0000000000000000
1.0000000000000000
1.0000000000000000
1.0000000000000000
1.0000000000000000
1.0000000000000000
1.0000000000000000
1.0000000000000000
1.0000000000000000
1.0000000000000000
1.0000000000000000
1.0000000000000000
1.0000000000000000
1.0000000000000000
1.0000000000000000
1.0000000000000000
1.0000000000000000
1.0000000000000000
1.0000000000000000
1.0000000000000000
1.0000000000000000
1.0000000000000000
1.0000000000000000
1.0000000000000000
1.0000000000000000
1.0000000000000000
1.0000000000000000
1.0000000000000000
1.0000000000000000
1.0000000000000000
1.0000000000000000
1.0000000000000000
1.0000000000000000
1.0000000000000000
1.0000000000000000
1.0000000000000000
1.0000000000000000
1.0000000000000000
1.0000000000000000
1.0000000000000000
1.0000000000000000
1.0000000000000000
1.0000000000000000
1.0000000000000000
1.0000000000000000
1.0000000000000000
1.0000000000000000
1.0000000000000000
1.0000000000000000
1.0000000000000000
1.0000000000000000
1.0000000000000000
1.0000000000000000
1.0000000000000000
1.0000000000000000
1.0000000000000000
1.0000000000000000
1.0000000000000000
1.0000000000000000
1.0000000000000000
1.0000000000000000
1.0000000000000000
1.0000000000000000
1.0000000000000000
1.0000000000000000
1.0000000000000000
1.0000000000000000
1.0000000000000000
1.0000000000000000
1.0000000000000000
1.0000000000000000
1.0000000000000000
1.0000000000000000
1.0000000000000000
1.0000000000000000
1.0000000000000000
1.0000000000000000
1.0000000000000000
1.0000000000000000
1.0000000000000000
1.0000000000000000
1.0000000000000000
1.0000000000000000
1.0000000000000000
1.0000000000000000
1.0000000000000000
1.0000000000000000
1.0000000000000000
1.0000000000000000
1.0000000000000000
1.0000000000000000
1.0000000000000000
1.0000000000000000
1.0000000000000000
1.0000000000000000
1.0000000000000000
1.0000000000000000
1.0000000000000000
1.0000000000000000
1.0000000000000000
1.0000000000000000
1.0000000000000000
1.0000000000000000
1.0000000000000000
1.0000000000000000
1.0000000000000000
1.0000000000000000
1.0000000000000000
1.0000000000000000
1.0000000000000000
1.0000000000000000
1.0000000000000000
1.0000000000000000
1.0000000000000000
1.0000000000000000
1.0000000000000000
1.0000000000000000
1.0000000000000000
1.0000000000000000
1.0000000000000000
1.0000000000000000
1.0000000000000000
1.0000000000000000
1.0000000000000000
1.0000000000000000
1.0000000000000000
1.0000000000000000
1.0000000000000000
1.0000000000000000
1.0000000000000000
1.0000000000000000
1.0000000000000000
1.0000000000000000
1.0000000000000000
1.0000000000000000
1.0000000000000000
1.0000000000000000
1.0000000000000000
1.0000000000000000
1.0000000000000000
1.0000000000000000
1.0000000000000000
1.0000000000000000
1.0000000000000000
1.0000000000000000
1.0000000000000000
1.0000000000000000
1.0000000000000000
1.0000000000000000
1.0000000000000000
1.0000000000000000
1.0000000000000000
1.0000000000000000
1.0000000000000000
1.0000000000000000
1.0000000000000000
1.0000000000000000
1.0000000000000000
1.0000000000000000
1.0000000000000000
1.0000000000000000
1.0000000000000000
1.0000000000000000
1.0000000000000000
1.0000000000000000
1.0000000000000000
1.0000000000000000
1.0000000000000000
1.0000000000000000
1.0000000000000000
1.0000000000000000
1.0000000000000000
1.0000000000000000
1.0000000000000000
1.0000000000000000
1.0000000000000000
1.0000000000000000
1.0000000000000000
1.0000000000000000
1.0000000000000000
1.0000000000000000
1.0000000000000000
1.0000000000000000
1.0000000000000000
1.0000000000000000
1.0000000000000000
1.0000000000000000
1.0000000000000000
1.0000000000000000
1.0000000000000000
1.0000000000000000
1.0000000000000000
1.0000000000000000
1.0000000000000000
1.0000000000000000
1.0000000000000000
1.0000000000000000
1.0000000000000000
1.0000000000000000
1.0000000000000000
1.0000000000000000
1.0000000000000000
1.0000000000000000
1.0000000000000000
1.0000000000000000
1.0000000000000000
1.0000000000000000
1.0000000000000000
1.0000000000000000
1.0000000000000000
1.0000000000000000
1.0000000000000000
1.0000000000000000
1.0000000000000000
1.0000000000000000
1.0000000000000000
1.0000000000000000
1.0000000000000000
1.0000000000000000
1.0000000000000000
1.0000000000000000
1.0000000000000000
1.0000000000000000
1.0000000000000000
1.0000000000000000
1.0000000000000000
1.0000000000000000
1.0000000000000000
1.0000000000000000
1.0000000000000000
1.0000000000000000
1.0000000000000000
1.0000000000000000
1.0000000000000000
1.0000000000000000
1.0000000000000000
1.0000000000000000
1.0000000000000000
1.0000000000000000
1.0000000000000000
1.0000000000000000
1.0000000000000000
1.0000000000000000
1.0000000000000000
1.0000000000000000
1.0000000000000000
1.0000000000000000
1.0000000000000000
1.0000000000000000
1.0000000000000000
1.0000000000000000
1.0000000000000000
1.0000000000000000
1.0000000000000000
1.0000000000000000
1.0000000000000000
1.0000000000000000
1.0000000000000000
1.0000000000000000
1.0000000000000000
1.0000000000000000
1.0000000000000000
1.0000000000000000
1.0000000000000000
1.0000000000000000
1.0000000000000000
1.0000000000000000
1.0000000000000000
1.0000000000000000
1.0000000000000000
1.0000000000000000
1.0000000000000000
1.0000000000000000
1.0000000000000000
1.0000000000000000
1.0000000000000000
1.0000000000000000
1.0000000000000000
1.0000000000000000
1.0000000000000000
1.0000000000000000
1.0000000000000000
1.0000000000000000
1.0000000000000000
1.0000000000000000
1.0000000000000000
1.0000000000000000
1.0000000000000000
1.0000000000000000
1.0000000000000000
1.0000000000000000
1.0000000000000000
1.0000000000000000
1.0000000000000000
1.0000000000000000
1.0000000000000000
1.0000000000000000
1.0000000000000000
1.0000000000000000
1.0000000000000000
1.0000000000000000
1.0000000000000000
1.0000000000000000
1.0000000000000000
1.0000000000000000
1.0000000000000000
1.0000000000000000
1.0000000000000000
1.0000000000000000
1.0000000000000000
1.0000000000000000
1.0000000000000000
1.0000000000000000
1.0000000000000000
1.0000000000000000
1.0000000000000000
1.0000000000000000
1.0000000000000000
1.0000000000000000
1.0000000000000000
1.0000000000000000
1.0000000000000000
1.0000000000000000
1.0000000000000000
1.0000000000000000
1.0000000000000000
1.0000000000000000
1.0000000000000000
1.0000000000000000
1.0000000000000000
1.0000000000000000
1.0000000000000000
1.0000000000000000
1.0000000000000000
1.0000000000000000
1.0000000000000000
1.0000000000000000
1.0000000000000000
1.0000000000000000
1.0000000000000000
1.0000000000000000
1.0000000000000000
1.0000000000000000
1.0000000000000000
1.0000000000000000
1.0000000000000000
1.0000000000000000
1.0000000000000000
1.0000000000000000
1.0000000000000000
1.0000000000000000
1.0000000000000000
1.0000000000000000
1.0000000000000000
1.0000000000000000
1.0000000000000000
1.0000000000000000
1.0000000000000000
1.0000000000000000
1.0000000000000000
1.0000000000000000
1.0000000000000000
1.0000000000000000
1.0000000000000000
1.0000000000000000
1.0000000000000000
1.0000000000000000
1.0000000000000000
1.0000000000000000
1.0000000000000000
1.0000000000000000
1.0000000000000000
1.0000000000000000
1.0000000000000000
1.0000000000000000
1.0000000000000000
1.0000000000000000
1.0000000000000000
1.0000000000000000
1.0000000000000000
1.0000000000000000
1.0000000000000000
1.0000000000000000
1.0000000000000000
1.0000000000000000
1.0000000000000000
1.0000000000000000
1.0000000000000000
1.0000000000000000
1.0000000000000000
1.0000000000000000
1.0000000000000000
1.0000000000000000
1.0000000000000000
1.0000000000000000
1.0000000000000000
1.0000000000000000
1.0000000000000000
1.0000000000000000
1.0000000000000000
1.0000000000000000
1.0000000000000000
1.0000000000000000
1.0000000000000000
1.0000000000000000
1.0000000000000000
1.0000000000000000
1.0000000000000000
1.0000000000000000
1.0000000000000000
1.0000000000000000
1.0000000000000000
1.0000000000000000
1.0000000000000000
1.0000000000000000
1.0000000000000000
1.0000000000000000
1.0000000000000000
1.0000000000000000
1.0000000000000000
1.0000000000000000
1.0000000000000000
1.0000000000000000
1.0000000000000000
1.0000000000000000
1.0000000000000000
1.0000000000000000
1.0000000000000000
1.0000000000000000
1.0000000000000000
1.0000000000000000
1.0000000000000000
1.0000000000000000
1.0000000000000000
1.0000000000000000
1.0000000000000000
1.0000000000000000
1.0000000000000000
1.0000000000000000
1.0000000000000000
1.0000000000000000
1.0000000000000000
1.0000000000000000
1.0000000000000000
1.0000000000000000
1.0000000000000000
1.0000000000000000
1.0000000000000000
1.0000000000000000
1.0000000000000000
1.0000000000000000
1.0000000000000000
1.0000000000000000
1.0000000000000000
1.0000000000000000
1.0000000000000000
1.0000000000000000
1.0000000000000000
1.0000000000000000
1.0000000000000000
1.0000000000000000
1.0000000000000000
1.0000000000000000
1.0000000000000000
1.0000000000000000
1.0000000000000000
1.0000000000000000
1.0000000000000000
1.0000000000000000
1.0000000000000000
1.0000000000000000
1.0000000000000000
1.0000000000000000
1.0000000000000000
1.0000000000000000
1.0000000000000000
1.0000000000000000
1.0000000000000000
1.0000000000000000
1.0000000000000000
1.0000000000000000
1.0000000000000000
1.0000000000000000
1.0000000000000000
1.0000000000000000
1.0000000000000000
1.0000000000000000
1.0000000000000000
1.0000000000000000
1.0000000000000000
1.0000000000000000
1.0000000000000000
1.0000000000000000
1.0000000000000000
1.0000000000000000
1.0000000000000000
1.0000000000000000
1.0000000000000000
1.0000000000000000
1.0000000000000000
1.0000000000000000
1.0000000000000000
1.0000000000000000
1.0000000000000000
1.0000000000000000
1.0000000000000000
1.0000000000000000
1.0000000000000000
1.0000000000000000
1.0000000000000000
1.0000000000000000
1.0000000000000000
1.0000000000000000
1.0000000000000000
1.0000000000000000
1.0000000000000000
1.0000000000000000
1.0000000000000000
1.0000000000000000
1.0000000000000000
1.0000000000000000
1.0000000000000000
1.0000000000000000
1.0000000000000000
1.0000000000000000
1.0000000000000000
1.0000000000000000
1.0000000000000000
1.0000000000000000
1.0000000000000000
1.0000000000000000
1.0000000000000000
1.0000000000000000
1.0000000000000000
1.0000000000000000
1.0000000000000000
1.0000000000000000
1.0000000000000000
1.0000000000000000
1.0000000000000000
1.0000000000000000
1.0000000000000000
1.0000000000000000
1.0000000000000000
1.0000000000000000
1.0000000000000000
1.0000000000000000
1.0000000000000000
1.0000000000000000
1.0000000000000000
1.0000000000000000
1.0000000000000000
1.0000000000000000
1.0000000000000000
1.0000000000000000
1.0000000000000000
1.0000000000000000
1.0000000000000000
1.0000000000000000
1.0000000000000000
1.0000000000000000
1.0000000000000000
1.0000000000000000
1.0000000000000000
1.0000000000000000
1.0000000000000000
1.0000000000000000
1.0000000000000000
1.0000000000000000
1.0000000000000000
1.0000000000000000
1.0000000000000000
1.0000000000000000
1.0000000000000000
1.0000000000000000
1.0000000000000000
1.0000000000000000
1.0000000000000000
1.0000000000000000
1.0000000000000000
1.0000000000000000
1.0000000000000000
1.0000000000000000
1.0000000000000000
1.0000000000000000
1.0000000000000000
1.0000000000000000
1.0000000000000000
1.0000000000000000
1.0000000000000000
1.0000000000000000
1.0000000000000000
1.0000000000000000
1.0000000000000000
1.0000000000000000
1.0000000000000000
1.0000000000000000
1.0000000000000000
1.0000000000000000
1.0000000000000000
1.0000000000000000
1.0000000000000000
1.0000000000000000
1.0000000000000000
1.0000000000000000
1.0000000000000000
1.0000000000000000
1.0000000000000000
1.0000000000000000
1.0000000000000000
1.0000000000000000
1.0000000000000000
1.0000000000000000
1.0000000000000000
1.0000000000000000
1.0000000000000000
1.0000000000000000
1.0000000000000000
1.0000000000000000
1.0000000000000000
1.0000000000000000
1.0000000000000000
1.0000000000000000
1.0000000000000000
1.0000000000000000
1.0000000000000000
1.0000000000000000
1.0000000000000000
1.0000000000000000
1.0000000000000000
1.0000000000000000
1.0000000000000000
1.0000000000000000
1.0000000000000000
1.0000000000000000
1.0000000000000000
1.0000000000000000
1.0000000000000000
1.0000000000000000
1.0000000000000000
1.0000000000000000
1.0000000000000000
1.0000000000000000
1.0000000000000000
1.0000000000000000
1.0000000000000000
1.0000000000000000
1.0000000000000000
1.0000000000000000
1.0000000000000000
1.0000000000000000
1.0000000000000000
1.0000000000000000
1.0000000000000000
1.0000000000000000
1.0000000000000000
1.0000000000000000
1.0000000000000000
1.0000000000000000
1.0000000000000000
1.0000000000000000
1.0000000000000000
1.0000000000000000
1.0000000000000000
1.0000000000000000
1.0000000000000000
1.0000000000000000
1.0000000000000000
1.0000000000000000
1.0000000000000000
1.0000000000000000
1.0000000000000000
1.0000000000000000
1.0000000000000000
1.0000000000000000
1.0000000000000000
1.0000000000000000
1.0000000000000000
1.0000000000000000
1.0000000000000000
1.0000000000000000
1.0000000000000000
1.0000000000000000
1.0000000000000000
1.0000000000000000
1.0000000000000000
1.0000000000000000
1.0000000000000000
1.0000000000000000
1.0000000000000000
1.0000000000000000
1.0000000000000000
1.0000000000000000
1.0000000000000000
1.0000000000000000
1.0000000000000000
1.0000000000000000
1.0000000000000000
1.0000000000000000
1.0000000000000000
1.0000000000000000
1.0000000000000000
1.0000000000000000
1.0000000000000000
1.0000000000000000
1.0000000000000000
1.0000000000000000
1.0000000000000000
1.0000000000000000
1.0000000000000000
1.0000000000000000
1.0000000000000000
1.0000000000000000
1.0000000000000000
1.0000000000000000
1.0000000000000000
1.0000000000000000
1.0000000000000000
1.0000000000000000
1.0000000000000000
1.0000000000000000
1.0000000000000000
1.0000000000000000
1.0000000000000000
1.0000000000000000
1.0000000000000000
1.0000000000000000
1.0000000000000000
1.0000000000000000
1.0000000000000000
1.0000000000000000
1.0000000000000000
1.0000000000000000
1.0000000000000000
1.0000000000000000
1.0000000000000000
1.0000000000000000
1.0000000000000000
1.0000000000000000
1.0000000000000000
1.0000000000000000
1.0000000000000000
1.0000000000000000
1.0000000000000000
1.0000000000000000
1.0000000000000000
1.0000000000000000
1.0000000000000000
1.0000000000000000
1.0000000000000000
1.0000000000000000
1.0000000000000000
1.0000000000000000
1.0000000000000000
1.0000000000000000
1.0000000000000000
1.0000000000000000
1.0000000000000000
1.0000000000000000
1.0000000000000000
1.0000000000000000
1.0000000000000000
1.0000000000000000
1.0000000000000000
1.0000000000000000
1.0000000000000000
1.0000000000000000
1.0000000000000000
1.0000000000000000
1.0000000000000000
1.0000000000000000
1.0000000000000000
1.0000000000000000
1.0000000000000000
1.0000000000000000
1.0000000000000000
1.0000000000000000
1.0000000000000000
1.0000000000000000
1.0000000000000000
1.0000000000000000
1.0000000000000000
1.0000000000000000
1.0000000000000000
1.0000000000000000
1.0000000000000000
1.0000000000000000
1.0000000000000000
1.0000000000000000
1.0000000000000000
1.0000000000000000
1.0000000000000000
1.0000000000000000
1.0000000000000000
1.0000000000000000
1.0000000000000000
1.0000000000000000
1.0000000000000000
1.0000000000000000
1.0000000000000000
1.0000000000000000
1.0000000000000000
1.0000000000000000
1.0000000000000000
1.0000000000000000
1.0000000000000000
1.0000000000000000
1.0000000000000000
1.0000000000000000
1.0000000000000000
1.0000000000000000
1.0000000000000000
1.0000000000000000
1.0000000000000000
1.0000000000000000
1.0000000000000000
1.0000000000000000
1.0000000000000000
1.0000000000000000
1.0000000000000000
1.0000000000000000
1.0000000000000000
1.0000000000000000
1.0000000000000000
1.0000000000000000
1.0000000000000000
1.0000000000000000
1.0000000000000000
1.0000000000000000
1.0000000000000000
1.0000000000000000
1.0000000000000000
1.0000000000000000
1.0000000000000000
1.0000000000000000
1.0000000000000000
1.0000000000000000
1.0000000000000000
1.0000000000000000
1.0000000000000000
1.0000000000000000
1.0000000000000000
1.0000000000000000
1.0000000000000000
1.0000000000000000
1.0000000000000000
1.0000000000000000
1.0000000000000000
1.0000000000000000
1.0000000000000000
1.0000000000000000
1.0000000000000000
1.0000000000000000
1.0000000000000000
1.0000000000000000
1.0000000000000000
1.0000000000000000
1.0000000000000000
1.0000000000000000
1.0000000000000000
1.0000000000000000
1.0000000000000000
1.0000000000000000
1.0000000000000000
1.0000000000000000
1.0000000000000000
1.0000000000000000
1.0000000000000000
1.0000000000000000
1.0000000000000000
1.0000000000000000
1.0000000000000000
1.0000000000000000
1.0000000000000000
1.0000000000000000
1.0000000000000000
1.0000000000000000
1.0000000000000000
1.0000000000000000
1.0000000000000000
1.0000000000000000
1.0000000000000000
1.0000000000000000
1.0000000000000000
1.0000000000000000
1.0000000000000000
1.0000000000000000
1.0000000000000000
1.0000000000000000
1.0000000000000000
1.0000000000000000
1.0000000000000000
1.0000000000000000
1.0000000000000000
1.0000000000000000
1.0000000000000000
1.0000000000000000
1.0000000000000000
1.0000000000000000
1.0000000000000000
1.0000000000000000
1.0000000000000000
1.0000000000000000
1.0000000000000000
1.0000000000000000
1.0000000000000000
1.0000000000000000
1.0000000000000000
1.0000000000000000
1.0000000000000000
1.0000000000000000
1.0000000000000000
1.0000000000000000
1.0000000000000000
1.0000000000000000
1.0000000000000000
1.0000000000000000
1.0000000000000000
1.0000000000000000
1.0000000000000000
1.0000000000000000
1.0000000000000000
1.0000000000000000
1.0000000000000000
1.0000000000000000
1.0000000000000000
1.0000000000000000
1.0000000000000000
1.0000000000000000
1.0000000000000000
1.0000000000000000
1.0000000000000000
1.0000000000000000
1.0000000000000000
1.0000000000000000
1.0000000000000000
1.0000000000000000
1.0000000000000000
1.0000000000000000
1.0000000000000000
1.0000000000000000
1.0000000000000000
1.0000000000000000
1.0000000000000000
1.0000000000000000
1.0000000000000000
1.0000000000000000
1.0000000000000000
1.0000000000000000
1.0000000000000000
1.0000000000000000
1.0000000000000000
1.0000000000000000
1.0000000000000000
1.0000000000000000
1.0000000000000000
1.0000000000000000
1.0000000000000000
1.0000000000000000
1.0000000000000000
1.0000000000000000
1.0000000000000000
1.0000000000000000
1.0000000000000000
1.0000000000000000
1.0000000000000000
1.0000000000000000
1.0000000000000000
1.0000000000000000
1.0000000000000000
1.0000000000000000
1.0000000000000000
1.0000000000000000
1.0000000000000000
1.0000000000000000
1.0000000000000000
1.0000000000000000
1.0000000000000000
1.0000000000000000
1.0000000000000000
1.0000000000000000
1.0000000000000000
1.0000000000000000
1.0000000000000000
1.0000000000000000
1.0000000000000000
1.0000000000000000
1.0000000000000000
1.0000000000000000
1.0000000000000000
1.0000000000000000
1.0000000000000000
1.0000000000000000
1.0000000000000000
1.0000000000000000
1.0000000000000000
1.0000000000000000
1.0000000000000000
1.0000000000000000
1.0000000000000000
1.0000000000000000
1.0000000000000000
1.0000000000000000
1.0000000000000000
1.0000000000000000
1.0000000000000000
1.0000000000000000
1.0000000000000000
1.0000000000000000
1.0000000000000000
1.0000000000000000
1.0000000000000000
1.0000000000000000
1.0000000000000000
1.0000000000000000
1.0000000000000000
1.0000000000000000
1.0000000000000000
1.0000000000000000
1.0000000000000000
1.0000000000000000
1.0000000000000000
1.0000000000000000
1.0000000000000000
1.0000000000000000
1.0000000000000000
1.0000000000000000
1.0000000000000000
1.0000000000000000
1.0000000000000000
1.0000000000000000
1.0000000000000000
1.0000000000000000
1.0000000000000000
1.0000000000000000
1.0000000000000000
1.0000000000000000
1.0000000000000000
1.0000000000000000
1.0000000000000000
1.0000000000000000
1.0000000000000000
1.0000000000000000
1.0000000000000000
1.0000000000000000
1.0000000000000000
1.0000000000000000
1.0000000000000000
1.0000000000000000
1.0000000000000000
1.0000000000000000
1.0000000000000000
1.0000000000000000
1.0000000000000000
1.0000000000000000
1.0000000000000000
1.0000000000000000
1.0000000000000000
1.0000000000000000
1.0000000000000000
1.0000000000000000
1.0000000000000000
1.0000000000000000
1.0000000000000000
1.0000000000000000
1.0000000000000000
1.0000000000000000
1.0000000000000000
1.0000000000000000
1.0000000000000000
1.0000000000000000
1.0000000000000000
1.0000000000000000
1.0000000000000000
1.0000000000000000
1.0000000000000000
1.0000000000000000
1.0000000000000000
1.0000000000000000
1.0000000000000000
1.0000000000000000
1.0000000000000000
1.0000000000000000
1.0000000000000000
1.0000000000000000
1.0000000000000000
1.0000000000000000
1.0000000000000000
1.0000000000000000
1.0000000000000000
1.0000000000000000
1.0000000000000000
1.0000000000000000
1.0000000000000000
1.0000000000000000
1.0000000000000000
1.0000000000000000
1.0000000000000000
1.0000000000000000
1.0000000000000000
1.0000000000000000
1.0000000000000000
1.0000000000000000
1.0000000000000000
1.0000000000000000
1.0000000000000000
1.0000000000000000
1.0000000000000000
1.0000000000000000
1.0000000000000000
1.0000000000000000
1.0000000000000000
1.0000000000000000
1.0000000000000000
1.0000000000000000
1.0000000000000000
1.0000000000000000
1.0000000000000000
1.0000000000000000
1.0000000000000000
1.0000000000000000
1.0000000000000000
1.0000000000000000
1.0000000000000000
1.0000000000000000
1.0000000000000000
1.0000000000000000
1.0000000000000000
1.0000000000000000
1.0000000000000000
1.0000000000000000
1.0000000000000000
1.0000000000000000
1.0000000000000000
1.0000000000000000
1.0000000000000000
1.0000000000000000
1.0000000000000000
1.0000000000000000
1.0000000000000000
1.0000000000000000
1.0000000000000000
1.0000000000000000
1.0000000000000000
1.0000000000000000
1.0000000000000000
1.0000000000000000
1.0000000000000000
1.0000000000000000
1.0000000000000000
1.0000000000000000
1.0000000000000000
1.0000000000000000
1.0000000000000000
1.0000000000000000
1.0000000000000000
1.0000000000000000
1.0000000000000000
1.0000000000000000
1.0000000000000000
1.0000000000000000
1.0000000000000000
1.0000000000000000
1.0000000000000000
1.0000000000000000
1.0000000000000000
1.0000000000000000
1.0000000000000000
1.0000000000000000
1.0000000000000000
1.0000000000000000
1.0000000000000000
1.0000000000000000
1.0000000000000000
1.0000000000000000
1.0000000000000000
1.0000000000000000
1.0000000000000000
1.0000000000000000
1.0000000000000000
1.0000000000000000
1.0000000000000000
1.0000000000000000
1.0000000000000000
1.0000000000000000
1.0000000000000000
1.0000000000000000
1.0000000000000000
1.0000000000000000
1.0000000000000000
1.0000000000000000
1.0000000000000000
1.0000000000000000
1.0000000000000000
1.0000000000000000
1.0000000000000000
1.0000000000000000
1.0000000000000000
1.0000000000000000
1.0000000000000000
1.0000000000000000
1.0000000000000000
1.0000000000000000
1.0000000000000000
1.0000000000000000
1.0000000000000000
1.0000000000000000
1.0000000000000000
1.0000000000000000
1.0000000000000000
1.0000000000000000
1.0000000000000000
1.0000000000000000
1.0000000000000000
1.0000000000000000
1.0000000000000000
1.0000000000000000
1.0000000000000000
1.0000000000000000
1.0000000000000000
1.0000000000000000
1.0000000000000000
1.0000000000000000
1.0000000000000000
1.0000000000000000
1.0000000000000000
1.0000000000000000
1.0000000000000000
1.0000000000000000
1.0000000000000000
1.0000000000000000
1.0000000000000000
1.0000000000000000
1.0000000000000000
1.0000000000000000
1.0000000000000000
1.0000000000000000
1.0000000000000000
1.0000000000000000
1.0000000000000000
1.0000000000000000
1.0000000000000000
1.0000000000000000
1.0000000000000000
1.0000000000000000
1.0000000000000000
1.0000000000000000
1.0000000000000000
1.0000000000000000
1.0000000000000000
1.0000000000000000
1.0000000000000000
1.0000000000000000
1.0000000000000000
1.0000000000000000
1.0000000000000000
1.0000000000000000
1.0000000000000000
1.0000000000000000
1.0000000000000000
1.0000000000000000
1.0000000000000000
1.0000000000000000
1.0000000000000000
1.0000000000000000
1.0000000000000000
1.0000000000000000
1.0000000000000000
1.0000000000000000
1.0000000000000000
1.0000000000000000
1.0000000000000000
1.0000000000000000
1.0000000000000000
1.0000000000000000
1.0000000000000000
1.0000000000000000
1.0000000000000000
1.0000000000000000
1.0000000000000000
1.0000000000000000
1.0000000000000000
1.0000000000000000
1.0000000000000000
1.0000000000000000
1.0000000000000000
1.0000000000000000
1.0000000000000000
1.0000000000000000
1.0000000000000000
1.0000000000000000
1.0000000000000000
1.0000000000000000
1.0000000000000000
1.0000000000000000
1.0000000000000000
1.0000000000000000
1.0000000000000000
1.0000000000000000
1.0000000000000000
1.0000000000000000
1.0000000000000000
1.0000000000000000
1.0000000000000000
1.0000000000000000
1.0000000000000000
1.0000000000000000
1.0000000000000000
1.0000000000000000
1.0000000000000000
1.0000000000000000
1.0000000000000000
1.0000000000000000
1.0000000000000000
1.0000000000000000
1.0000000000000000
1.0000000000000000
1.0000000000000000
1.0000000000000000
1.0000000000000000
1.0000000000000000
1.0000000000000000
1.0000000000000000
1.0000000000000000
1.0000000000000000
1.0000000000000000
1.0000000000000000
1.0000000000000000
1.0000000000000000
1.0000000000000000
1.0000000000000000
1.0000000000000000
1.0000000000000000
1.0000000000000000
1.0000000000000000
1.0000000000000000
1.0000000000000000
1.0000000000000000
1.0000000000000000
1.0000000000000000
1.0000000000000000
1.0000000000000000
1.0000000000000000
1.0000000000000000
1.0000000000000000
1.0000000000000000
1.0000000000000000
1.0000000000000000
1.0000000000000000
1.0000000000000000
1.0000000000000000
1.0000000000000000
1.0000000000000000
1.0000000000000000
1.0000000000000000
1.0000000000000000
1.0000000000000000
1.0000000000000000
1.0000000000000000
1.0000000000000000
1.0000000000000000
1.0000000000000000
1.0000000000000000
1.0000000000000000
1.0000000000000000
1.0000000000000000
1.0000000000000000
1.0000000000000000
1.0000000000000000
1.0000000000000000
1.0000000000000000
1.0000000000000000
1.0000000000000000
1.0000000000000000
1.0000000000000000
1.0000000000000000
1.0000000000000000
1.0000000000000000
1.0000000000000000
1.0000000000000000
1.0000000000000000
1.0000000000000000
1.0000000000000000
1.0000000000000000
1.0000000000000000
1.0000000000000000
1.0000000000000000
1.0000000000000000
1.0000000000000000
1.0000000000000000
1.0000000000000000
1.0000000000000000
1.0000000000000000
1.0000000000000000
1.0000000000000000
1.0000000000000000
1.0000000000000000
1.0000000000000000
1.0000000000000000
1.0000000000000000
1.0000000000000000
1.0000000000000000
1.0000000000000000
1.0000000000000000
1.0000000000000000
1.0000000000000000
1.0000000000000000
1.0000000000000000
1.0000000000000000
1.0000000000000000
1.0000000000000000
1.0000000000000000
1.0000000000000000
1.0000000000000000
1.0000000000000000
1.0000000000000000
1.0000000000000000
1.0000000000000000
1.0000000000000000
1.0000000000000000
1.0000000000000000
1.0000000000000000
1.0000000000000000
1.0000000000000000
1.0000000000000000
1.0000000000000000
1.0000000000000000
1.0000000000000000
1.0000000000000000
1.0000000000000000
1.0000000000000000
1.0000000000000000
1.0000000000000000
1.0000000000000000
1.0000000000000000
1.0000000000000000
1.0000000000000000
1.0000000000000000
1.0000000000000000
1.0000000000000000
1.0000000000000000
1.0000000000000000
1.0000000000000000
1.0000000000000000
1.0000000000000000
1.0000000000000000
1.0000000000000000
1.0000000000000000
1.0000000000000000
1.0000000000000000
1.0000000000000000
1.0000000000000000
1.0000000000000000
1.0000000000000000
1.0000000000000000
1.0000000000000000
1.0000000000000000
1.0000000000000000
1.0000000000000000
1.0000000000000000
1.0000000000000000
1.0000000000000000
1.0000000000000000
1.0000000000000000
1.0000000000000000
1.0000000000000000
1.0000000000000000
1.0000000000000000
1.0000000000000000
1.0000000000000000
1.0000000000000000
1.0000000000000000
1.0000000000000000
1.0000000000000000
1.0000000000000000
1.0000000000000000
1.0000000000000000
1.0000000000000000
1.0000000000000000
1.0000000000000000
1.0000000000000000
1.0000000000000000
1.0000000000000000
1.0000000000000000
1.0000000000000000
1.0000000000000000
1.0000000000000000
1.0000000000000000
1.0000000000000000
1.0000000000000000
1.0000000000000000
1.0000000000000000
1.0000000000000000
1.0000000000000000
1.0000000000000000
1.0000000000000000
1.0000000000000000
1.0000000000000000
1.0000000000000000
1.0000000000000000
1.0000000000000000
1.0000000000000000
1.0000000000000000
1.0000000000000000
1.0000000000000000
1.0000000000000000
1.0000000000000000
1.0000000000000000
1.0000000000000000
1.0000000000000000
1.0000000000000000
1.0000000000000000
1.0000000000000000
1.0000000000000000
1.0000000000000000
1.0000000000000000
1.0000000000000000
1.0000000000000000
1.0000000000000000
1.0000000000000000
1.0000000000000000
1.0000000000000000
1.0000000000000000
1.0000000000000000
1.0000000000000000
1.0000000000000000
1.0000000000000000
1.0000000000000000
1.0000000000000000
1.0000000000000000
1.0000000000000000
1.0000000000000000
1.0000000000000000
1.0000000000000000
1.0000000000000000
1.0000000000000000
1.0000000000000000
1.0000000000000000
1.0000000000000000
1.0000000000000000
1.0000000000000000
1.0000000000000000
1.0000000000000000
1.0000000000000000
1.0000000000000000
1.0000000000000000
1.0000000000000000
1.0000000000000000
1.0000000000000000
1.0000000000000000
1.0000000000000000
1.0000000000000000
1.0000000000000000
1.0000000000000000
1.0000000000000000
1.0000000000000000
1.0000000000000000
1.0000000000000000
1.0000000000000000
1.0000000000000000
1.0000000000000000
1.0000000000000000
1.0000000000000000
1.0000000000000000
1.0000000000000000
1.0000000000000000
1.0000000000000000
1.0000000000000000
1.0000000000000000
1.0000000000000000
1.0000000000000000
1.0000000000000000
1.0000000000000000
1.0000000000000000
1.0000000000000000
1.0000000000000000
1.0000000000000000
1.0000000000000000
1.0000000000000000
1.0000000000000000
1.0000000000000000
1.0000000000000000
1.0000000000000000
1.0000000000000000
1.0000000000000000
1.0000000000000000
1.0000000000000000
1.0000000000000000
1.0000000000000000
1.0000000000000000
1.0000000000000000
1.0000000000000000
1.0000000000000000
1.0000000000000000
1.0000000000000000
1.0000000000000000
1.0000000000000000
1.0000000000000000
1.0000000000000000
1.0000000000000000
1.0000000000000000
1.0000000000000000
1.0000000000000000
1.0000000000000000
1.0000000000000000
1.0000000000000000
1.0000000000000000
1.0000000000000000
1.0000000000000000
1.0000000000000000
1.0000000000000000
1.0000000000000000
1.0000000000000000
1.0000000000000000
1.0000000000000000
1.0000000000000000
1.0000000000000000
1.0000000000000000
1.0000000000000000
1.0000000000000000
1.0000000000000000
1.0000000000000000
1.0000000000000000
1.0000000000000000
1.0000000000000000
1.0000000000000000
1.0000000000000000
1.0000000000000000
1.0000000000000000
1.0000000000000000
1.0000000000000000
1.0000000000000000
1.0000000000000000
1.0000000000000000
1.0000000000000000
1.0000000000000000
1.0000000000000000
1.0000000000000000
1.0000000000000000
1.0000000000000000
1.0000000000000000
1.0000000000000000
1.0000000000000000
1.0000000000000000
1.0000000000000000
1.0000000000000000
1.0000000000000000
1.0000000000000000
1.0000000000000000
1.0000000000000000
1.0000000000000000
1.0000000000000000
1.0000000000000000
1.0000000000000000
1.0000000000000000
1.0000000000000000
1.0000000000000000
1.0000000000000000
1.0000000000000000
1.0000000000000000
1.0000000000000000
1.0000000000000000
1.0000000000000000
1.0000000000000000
1.0000000000000000
1.0000000000000000
1.0000000000000000
1.0000000000000000
1.0000000000000000
1.0000000000000000
1.0000000000000000
1.0000000000000000
1.0000000000000000
1.0000000000000000
1.0000000000000000
1.0000000000000000
1.0000000000000000
1.0000000000000000
1.0000000000000000
1.0000000000000000
1.0000000000000000
1.0000000000000000
1.0000000000000000
1.0000000000000000
1.0000000000000000
1.0000000000000000
1.0000000000000000
1.0000000000000000
1.0000000000000000
1.0000000000000000
1.0000000000000000
1.0000000000000000
1.0000000000000000
1.0000000000000000
1.0000000000000000
1.0000000000000000
1.0000000000000000
1.0000000000000000
1.0000000000000000
1.0000000000000000
1.0000000000000000
1.0000000000000000
1.0000000000000000
1.0000000000000000
1.0000000000000000
1.0000000000000000
1.0000000000000000
1.0000000000000000
1.0000000000000000
1.0000000000000000
1.0000000000000000
1.0000000000000000
1.0000000000000000
1.0000000000000000
1.0000000000000000
1.0000000000000000
1.0000000000000000
1.0000000000000000
1.0000000000000000
1.0000000000000000
1.0000000000000000
1.0000000000000000
1.0000000000000000
1.0000000000000000
1.0000000000000000
1.0000000000000000
1.0000000000000000
1.0000000000000000
1.0000000000000000
1.0000000000000000
1.0000000000000000
1.0000000000000000
1.0000000000000000
1.0000000000000000
1.0000000000000000
1.0000000000000000
1.0000000000000000
1.0000000000000000
1.0000000000000000
1.0000000000000000
1.0000000000000000
1.0000000000000000
1.0000000000000000
1.0000000000000000
1.0000000000000000
1.0000000000000000
1.0000000000000000
1.0000000000000000
1.0000000000000000
1.0000000000000000
1.0000000000000000
1.0000000000000000
1.0000000000000000
1.0000000000000000
1.0000000000000000
1.0000000000000000
1.0000000000000000
1.0000000000000000
1.0000000000000000
1.0000000000000000
1.0000000000000000
1.0000000000000000
1.0000000000000000
1.0000000000000000
1.0000000000000000
1.0000000000000000
1.0000000000000000
1.0000000000000000
1.0000000000000000
1.0000000000000000
1.0000000000000000
1.0000000000000000
1.0000000000000000
1.0000000000000000
1.0000000000000000
1.0000000000000000
1.0000000000000000
1.0000000000000000
1.0000000000000000
1.0000000000000000
1.0000000000000000
1.0000000000000000
1.0000000000000000
1.0000000000000000
1.0000000000000000
1.0000000000000000
1.0000000000000000
1.0000000000000000
1.0000000000000000
1.0000000000000000
1.0000000000000000
1.0000000000000000
1.0000000000000000
1.0000000000000000
1.0000000000000000
1.0000000000000000
1.0000000000000000
1.0000000000000000
1.0000000000000000
1.0000000000000000
1.0000000000000000
1.0000000000000000
1.0000000000000000
1.0000000000000000
1.0000000000000000
1.0000000000000000
1.0000000000000000
1.0000000000000000
1.0000000000000000
1.0000000000000000
1.0000000000000000
1.0000000000000000
1.0000000000000000
1.0000000000000000
1.0000000000000000
1.0000000000000000
1.0000000000000000
1.0000000000000000
1.0000000000000000
1.0000000000000000
1.0000000000000000
1.0000000000000000
1.0000000000000000
1.0000000000000000
1.0000000000000000
1.0000000000000000
1.0000000000000000
1.0000000000000000
1.0000000000000000
1.0000000000000000
1.0000000000000000
1.0000000000000000
1.0000000000000000
1.0000000000000000
1.0000000000000000
1.0000000000000000
1.0000000000000000
1.0000000000000000
1.0000000000000000
1.0000000000000000
1.0000000000000000
1.0000000000000000
1.0000000000000000
1.0000000000000000
1.0000000000000000
1.0000000000000000
1.0000000000000000
1.0000000000000000
1.0000000000000000
1.0000000000000000
1.0000000000000000
1.0000000000000000
1.0000000000000000
1.0000000000000000
1.0000000000000000
1.0000000000000000
1.0000000000000000
1.0000000000000000
1.0000000000000000
1.0000000000000000
1.0000000000000000
1.0000000000000000
1.0000000000000000
1.0000000000000000
1.0000000000000000
1.0000000000000000
1.0000000000000000
1.0000000000000000
1.0000000000000000
1.0000000000000000
1.0000000000000000
1.0000000000000000
1.0000000000000000
1.0000000000000000
1.0000000000000000
1.0000000000000000
1.0000000000000000
1.0000000000000000
1.0000000000000000
1.0000000000000000
1.0000000000000000
1.0000000000000000
1.0000000000000000
1.0000000000000000
1.0000000000000000
1.0000000000000000
1.0000000000000000
1.0000000000000000
1.0000000000000000
1.0000000000000000
1.0000000000000000
1.0000000000000000
1.0000000000000000
1.0000000000000000
1.0000000000000000
1.0000000000000000
1.0000000000000000
1.0000000000000000
1.0000000000000000
1.0000000000000000
1.0000000000000000
1.0000000000000000
1.0000000000000000
1.0000000000000000
1.0000000000000000
1.0000000000000000
1.0000000000000000
1.0000000000000000
1.0000000000000000
1.0000000000000000
1.0000000000000000
1.0000000000000000
1.0000000000000000
1.0000000000000000
1.0000000000000000
1.0000000000000000
1.0000000000000000
1.0000000000000000
1.0000000000000000
1.0000000000000000
1.0000000000000000
1.0000000000000000
1.0000000000000000
1.0000000000000000
1.0000000000000000
1.0000000000000000
1.0000000000000000
1.0000000000000000
1.0000000000000000
1.0000000000000000
1.0000000000000000
1.0000000000000000
1.0000000000000000
1.0000000000000000
1.0000000000000000
1.0000000000000000
1.0000000000000000
1.0000000000000000
1.0000000000000000
1.0000000000000000
1.0000000000000000
1.0000000000000000
1.0000000000000000
1.0000000000000000
1.0000000000000000
1.0000000000000000
1.0000000000000000
1.0000000000000000
1.0000000000000000
1.0000000000000000
1.0000000000000000
1.0000000000000000
1.0000000000000000
1.0000000000000000
1.0000000000000000
1.0000000000000000
1.0000000000000000
1.0000000000000000
1.0000000000000000
1.0000000000000000
1.0000000000000000
1.0000000000000000
1.0000000000000000
1.0000000000000000
1.0000000000000000
1.0000000000000000
1.0000000000000000
1.0000000000000000
1.0000000000000000
1.0000000000000000
1.0000000000000000
1.0000000000000000
1.0000000000000000
1.0000000000000000
1.0000000000000000
1.0000000000000000
1.0000000000000000
1.0000000000000000
1.0000000000000000
1.0000000000000000
1.0000000000000000
1.0000000000000000
1.0000000000000000
1.0000000000000000
1.0000000000000000
1.0000000000000000
1.0000000000000000
1.0000000000000000
1.0000000000000000
1.0000000000000000
1.0000000000000000
1.0000000000000000
1.0000000000000000
1.0000000000000000
1.0000000000000000
1.0000000000000000
1.0000000000000000
1.0000000000000000
1.0000000000000000
1.0000000000000000
1.0000000000000000
1.0000000000000000
1.0000000000000000
1.0000000000000000
1.0000000000000000
1.0000000000000000
1.0000000000000000
1.0000000000000000
1.0000000000000000
1.0000000000000000
1.0000000000000000
1.0000000000000000
1.0000000000000000
1.0000000000000000
1.0000000000000000
1.0000000000000000
1.0000000000000000
1.0000000000000000
1.0000000000000000
1.0000000000000000
1.0000000000000000
1.0000000000000000
1.0000000000000000
1.0000000000000000
1.0000000000000000
1.0000000000000000
1.0000000000000000
1.0000000000000000
1.0000000000000000
1.0000000000000000
1.0000000000000000
1.0000000000000000
1.0000000000000000
1.0000000000000000
1.0000000000000000
1.0000000000000000
1.0000000000000000
1.0000000000000000
1.0000000000000000
1.0000000000000000
1.0000000000000000
1.0000000000000000
1.0000000000000000
1.0000000000000000
1.0000000000000000
1.0000000000000000
1.0000000000000000
1.0000000000000000
1.0000000000000000
1.0000000000000000
1.0000000000000000
1.0000000000000000
1.0000000000000000
1.0000000000000000
1.0000000000000000
1.0000000000000000
1.0000000000000000
1.0000000000000000
1.0000000000000000
1.0000000000000000
1.0000000000000000
1.0000000000000000
1.0000000000000000
1.0000000000000000
1.0000000000000000
1.0000000000000000
1.0000000000000000
1.0000000000000000
1.0000000000000000
1.0000000000000000
1.0000000000000000
1.0000000000000000
1.0000000000000000
1.0000000000000000
1.0000000000000000
1.0000000000000000
1.0000000000000000
1.0000000000000000
1.0000000000000000
1.0000000000000000
1.0000000000000000
1.0000000000000000
1.0000000000000000
1.0000000000000000
1.0000000000000000
1.0000000000000000
1.0000000000000000
1.0000000000000000
1.0000000000000000
1.0000000000000000
1.0000000000000000
1.0000000000000000
1.0000000000000000
1.0000000000000000
1.0000000000000000
1.0000000000000000
1.0000000000000000
1.0000000000000000
1.0000000000000000
1.0000000000000000
1.0000000000000000
1.0000000000000000
1.0000000000000000
1.0000000000000000
1.0000000000000000
1.0000000000000000
1.0000000000000000
1.0000000000000000
1.0000000000000000
1.0000000000000000
1.0000000000000000
1.0000000000000000
1.0000000000000000
1.0000000000000000
1.0000000000000000
1.0000000000000000
1.0000000000000000
1.0000000000000000
1.0000000000000000
1.0000000000000000
1.0000000000000000
1.0000000000000000
1.0000000000000000
1.0000000000000000
1.0000000000000000
1.0000000000000000
1.0000000000000000
1.0000000000000000
1.0000000000000000
1.0000000000000000
1.0000000000000000
1.0000000000000000
1.0000000000000000
1.0000000000000000
1.0000000000000000
1.0000000000000000
1.0000000000000000
1.0000000000000000
1.0000000000000000
1.0000000000000000
1.0000000000000000
1.0000000000000000
1.0000000000000000
1.0000000000000000
1.0000000000000000
1.0000000000000000
1.0000000000000000
1.0000000000000000
1.0000000000000000
1.0000000000000000
1.0000000000000000
1.0000000000000000
1.0000000000000000
1.0000000000000000
1.0000000000000000
1.0000000000000000
1.0000000000000000
1.0000000000000000
1.0000000000000000
1.0000000000000000
1.0000000000000000
1.0000000000000000
1.0000000000000000
1.0000000000000000
1.0000000000000000
1.0000000000000000
1.0000000000000000
1.0000000000000000
1.0000000000000000
1.0000000000000000
1.0000000000000000
1.0000000000000000
1.0000000000000000
1.0000000000000000
1.0000000000000000
1.0000000000000000
1.0000000000000000
1.0000000000000000
1.0000000000000000
1.0000000000000000
1.0000000000000000
1.0000000000000000
1.0000000000000000
1.0000000000000000
1.0000000000000000
1.0000000000000000
1.0000000000000000
1.0000000000000000
1.0000000000000000
1.0000000000000000
1.0000000000000000
1.0000000000000000
1.0000000000000000
1.0000000000000000
1.0000000000000000
1.0000000000000000
1.0000000000000000
1.0000000000000000
1.0000000000000000
1.0000000000000000
1.0000000000000000
1.0000000000000000
1.0000000000000000
1.0000000000000000
1.0000000000000000
1.0000000000000000
1.0000000000000000
1.0000000000000000
1.0000000000000000
1.0000000000000000
1.0000000000000000
1.0000000000000000
1.0000000000000000
1.0000000000000000
1.0000000000000000
1.0000000000000000
1.0000000000000000
1.0000000000000000
1.0000000000000000
1.0000000000000000
1.0000000000000000
1.0000000000000000
1.0000000000000000
1.0000000000000000
1.0000000000000000
1.0000000000000000
1.0000000000000000
1.0000000000000000
1.0000000000000000
1.0000000000000000
1.0000000000000000
1.0000000000000000
1.0000000000000000
1.0000000000000000
1.0000000000000000
1.0000000000000000
1.0000000000000000
1.0000000000000000
1.0000000000000000
1.0000000000000000
1.0000000000000000
1.0000000000000000
1.0000000000000000
1.0000000000000000
1.0000000000000000
1.0000000000000000
1.0000000000000000
1.0000000000000000
1.0000000000000000
1.0000000000000000
1.0000000000000000
1.0000000000000000
1.0000000000000000
1.0000000000000000
1.0000000000000000
1.0000000000000000
1.0000000000000000
1.0000000000000000
1.0000000000000000
1.0000000000000000
1.0000000000000000
1.0000000000000000
1.0000000000000000
1.0000000000000000
1.0000000000000000
1.0000000000000000
1.0000000000000000
1.0000000000000000
1.0000000000000000
1.0000000000000000
1.0000000000000000
1.0000000000000000
1.0000000000000000
1.0000000000000000
1.0000000000000000
1.0000000000000000
1.0000000000000000
1.0000000000000000
1.0000000000000000
1.0000000000000000
1.0000000000000000
1.0000000000000000
1.0000000000000000
1.0000000000000000
1.0000000000000000
1.0000000000000000
1.0000000000000000
1.0000000000000000
1.0000000000000000
1.0000000000000000
1.0000000000000000
1.0000000000000000
1.0000000000000000
1.0000000000000000
1.0000000000000000
1.0000000000000000
1.0000000000000000
1.0000000000000000
1.0000000000000000
1.0000000000000000
1.0000000000000000
1.0000000000000000
1.0000000000000000
1.0000000000000000
1.0000000000000000
1.0000000000000000
1.0000000000000000
1.0000000000000000
1.0000000000000000
1.0000000000000000
1.0000000000000000
1.0000000000000000
1.0000000000000000
1.0000000000000000
1.0000000000000000
1.0000000000000000
1.0000000000000000
1.0000000000000000
1.0000000000000000
1.0000000000000000
1.0000000000000000
1.0000000000000000
1.0000000000000000
1.0000000000000000
1.0000000000000000
1.0000000000000000
1.0000000000000000
1.0000000000000000
1.0000000000000000
1.0000000000000000
1.0000000000000000
1.0000000000000000
1.0000000000000000
1.0000000000000000
1.0000000000000000
1.0000000000000000
1.0000000000000000
1.0000000000000000
1.0000000000000000
1.0000000000000000
1.0000000000000000
1.0000000000000000
1.0000000000000000
1.0000000000000000
1.0000000000000000
1.0000000000000000
1.0000000000000000
1.0000000000000000
1.0000000000000000
1.0000000000000000
1.0000000000000000
1.0000000000000000
1.0000000000000000
1.0000000000000000
1.0000000000000000
1.0000000000000000
1.0000000000000000
1.0000000000000000
1.0000000000000000
1.0000000000000000
1.0000000000000000
1.0000000000000000
1.0000000000000000
1.0000000000000000
1.0000000000000000
1.0000000000000000
1.0000000000000000
1.0000000000000000
1.0000000000000000
1.0000000000000000
1.0000000000000000
1.0000000000000000
1.0000000000000000
1.0000000000000000
1.0000000000000000
1.0000000000000000
1.0000000000000000
1.0000000000000000
1.0000000000000000
1.0000000000000000
1.0000000000000000
1.0000000000000000
1.0000000000000000
1.0000000000000000
1.0000000000000000
1.0000000000000000
1.0000000000000000
1.0000000000000000
1.0000000000000000
1.0000000000000000
1.0000000000000000
1.0000000000000000
1.0000000000000000
1.0000000000000000
1.0000000000000000
1.0000000000000000
1.0000000000000000
1.0000000000000000
1.0000000000000000
1.0000000000000000
1.0000000000000000
1.0000000000000000
1.0000000000000000
1.0000000000000000
1.0000000000000000
1.0000000000000000
1.0000000000000000
1.0000000000000000
1.0000000000000000
1.0000000000000000
1.0000000000000000
1.0000000000000000
1.0000000000000000
1.0000000000000000
1.0000000000000000
1.0000000000000000
1.0000000000000000
1.0000000000000000
1.0000000000000000
1.0000000000000000
1.0000000000000000
1.0000000000000000
1.0000000000000000
1.0000000000000000
1.0000000000000000
1.0000000000000000
1.0000000000000000
1.0000000000000000
1.0000000000000000
1.0000000000000000
1.0000000000000000
1.0000000000000000
1.0000000000000000
1.0000000000000000
1.0000000000000000
1.0000000000000000
1.0000000000000000
1.0000000000000000
1.0000000000000000
1.0000000000000000
1.0000000000000000
1.0000000000000000
1.0000000000000000
1.0000000000000000
1.0000000000000000
1.0000000000000000
1.0000000000000000
1.0000000000000000
1.0000000000000000
1.0000000000000000
1.0000000000000000
1.0000000000000000
1.0000000000000000
1.0000000000000000
1.0000000000000000
1.0000000000000000
1.0000000000000000
1.0000000000000000
1.0000000000000000
1.0000000000000000
1.0000000000000000
1.0000000000000000
1.0000000000000000
1.0000000000000000
1.0000000000000000
1.0000000000000000
1.0000000000000000
1.0000000000000000
1.0000000000000000
1.0000000000000000
1.0000000000000000
1.0000000000000000
1.0000000000000000
1.0000000000000000
1.0000000000000000
1.0000000000000000
1.0000000000000000
1.0000000000000000
1.0000000000000000
1.0000000000000000
1.0000000000000000
1.0000000000000000
1.0000000000000000
1.0000000000000000
1.0000000000000000
1.0000000000000000
1.0000000000000000
1.0000000000000000
1.0000000000000000
1.0000000000000000
1.0000000000000000
1.0000000000000000
1.0000000000000000
1.0000000000000000
1.0000000000000000
1.0000000000000000
1.0000000000000000
1.0000000000000000
1.0000000000000000
1.0000000000000000
1.0000000000000000
1.0000000000000000
1.0000000000000000
1.0000000000000000
1.0000000000000000
1.0000000000000000
1.0000000000000000
1.0000000000000000
1.0000000000000000
1.0000000000000000
1.0000000000000000
1.0000000000000000
1.0000000000000000
1.0000000000000000
1.0000000000000000
1.0000000000000000
1.0000000000000000
1.0000000000000000
1.0000000000000000
1.0000000000000000
1.0000000000000000
1.0000000000000000
1.0000000000000000
1.0000000000000000
1.0000000000000000
1.0000000000000000
1.0000000000000000
1.0000000000000000
1.0000000000000000
1.0000000000000000
1.0000000000000000
1.0000000000000000
1.0000000000000000
1.0000000000000000
1.0000000000000000
1.0000000000000000
1.0000000000000000
1.0000000000000000
1.0000000000000000
1.0000000000000000
1.0000000000000000
1.0000000000000000
1.0000000000000000
1.0000000000000000
1.0000000000000000
1.0000000000000000
1.0000000000000000
1.0000000000000000
1.0000000000000000
1.0000000000000000
1.0000000000000000
1.0000000000000000
1.0000000000000000
1.0000000000000000
1.0000000000000000
1.0000000000000000
1.0000000000000000
1.0000000000000000
1.0000000000000000
1.0000000000000000
1.0000000000000000
1.0000000000000000
1.0000000000000000
1.0000000000000000
1.0000000000000000
1.0000000000000000
1.0000000000000000
1.0000000000000000
1.0000000000000000
1.0000000000000000
1.0000000000000000
1.0000000000000000
1.0000000000000000
1.0000000000000000
1.0000000000000000
1.0000000000000000
1.0000000000000000
1.0000000000000000
1.0000000000000000
1.0000000000000000
1.0000000000000000
1.0000000000000000
1.0000000000000000
1.0000000000000000
1.0000000000000000
1.0000000000000000
1.0000000000000000
1.0000000000000000
1.0000000000000000
1.0000000000000000
1.0000000000000000
1.0000000000000000
1.0000000000000000
1.0000000000000000
1.0000000000000000
1.0000000000000000
1.0000000000000000
1.0000000000000000
1.0000000000000000
1.0000000000000000
1.0000000000000000
1.0000000000000000
1.0000000000000000
1.0000000000000000
1.0000000000000000
1.0000000000000000
1.0000000000000000
1.0000000000000000
1.0000000000000000
1.0000000000000000
1.0000000000000000
1.0000000000000000
1.0000000000000000
1.0000000000000000
1.0000000000000000
1.0000000000000000
1.0000000000000000
1.0000000000000000
1.0000000000000000
1.0000000000000000
1.0000000000000000
1.0000000000000000
1.0000000000000000
1.0000000000000000
1.0000000000000000
1.0000000000000000
1.0000000000000000
1.0000000000000000
1.0000000000000000
1.0000000000000000
1.0000000000000000
1.0000000000000000
1.0000000000000000
1.0000000000000000
1.0000000000000000
1.0000000000000000
1.0000000000000000
1.0000000000000000
1.0000000000000000
1.0000000000000000
1.0000000000000000
1.0000000000000000
1.0000000000000000
1.0000000000000000
1.0000000000000000
1.0000000000000000
1.0000000000000000
1.0000000000000000
1.0000000000000000
1.0000000000000000
1.0000000000000000
1.0000000000000000
1.0000000000000000
1.0000000000000000
1.0000000000000000
1.0000000000000000
1.0000000000000000
1.0000000000000000
1.0000000000000000
1.0000000000000000
1.0000000000000000
1.0000000000000000
1.0000000000000000
1.0000000000000000
1.0000000000000000
1.0000000000000000
1.0000000000000000
1.0000000000000000
1.0000000000000000
1.0000000000000000
1.0000000000000000
1.0000000000000000
1.0000000000000000
1.0000000000000000
1.0000000000000000
1.0000000000000000
1.0000000000000000
1.0000000000000000
1.0000000000000000
1.0000000000000000
1.0000000000000000
1.0000000000000000
1.0000000000000000
1.0000000000000000
1.0000000000000000
1.0000000000000000
1.0000000000000000
1.0000000000000000
1.0000000000000000
1.0000000000000000
1.0000000000000000
1.0000000000000000
1.0000000000000000
1.0000000000000000
1.0000000000000000
1.0000000000000000
1.0000000000000000
1.0000000000000000
1.0000000000000000
1.0000000000000000
1.0000000000000000
1.0000000000000000
1.0000000000000000
1.0000000000000000
1.0000000000000000
1.0000000000000000
1.0000000000000000
1.0000000000000000
1.0000000000000000
1.0000000000000000
1.0000000000000000
1.0000000000000000
1.0000000000000000
1.0000000000000000
1.0000000000000000
1.0000000000000000
1.0000000000000000
1.0000000000000000
1.0000000000000000
1.0000000000000000
1.0000000000000000
1.0000000000000000
1.0000000000000000
1.0000000000000000
1.0000000000000000
1.0000000000000000
1.0000000000000000
1.0000000000000000
1.0000000000000000
1.0000000000000000
1.0000000000000000
1.0000000000000000
1.0000000000000000
1.0000000000000000
1.0000000000000000
1.0000000000000000
1.0000000000000000
1.0000000000000000
1.0000000000000000
1.0000000000000000
1.0000000000000000
1.0000000000000000
1.0000000000000000
1.0000000000000000
1.0000000000000000
1.0000000000000000
1.0000000000000000
1.0000000000000000
1.0000000000000000
1.0000000000000000
1.0000000000000000
1.0000000000000000
1.0000000000000000
1.0000000000000000
1.0000000000000000
1.0000000000000000
1.0000000000000000
1.0000000000000000
1.0000000000000000
1.0000000000000000
1.0000000000000000
1.0000000000000000
1.0000000000000000
1.0000000000000000
1.0000000000000000
1.0000000000000000
1.0000000000000000
1.0000000000000000
1.0000000000000000
1.0000000000000000
1.0000000000000000
1.0000000000000000
1.0000000000000000
1.0000000000000000
1.0000000000000000
1.0000000000000000
1.0000000000000000
1.0000000000000000
1.0000000000000000
1.0000000000000000
1.0000000000000000
1.0000000000000000
1.0000000000000000
1.0000000000000000
1.0000000000000000
1.0000000000000000
1.0000000000000000
1.0000000000000000
1.0000000000000000
1.0000000000000000
1.0000000000000000
1.0000000000000000
1.0000000000000000
1.0000000000000000
1.0000000000000000
1.0000000000000000
1.0000000000000000
1.0000000000000000
1.0000000000000000
1.0000000000000000
1.0000000000000000
1.0000000000000000
1.0000000000000000
1.0000000000000000
1.0000000000000000
1.0000000000000000
1.0000000000000000
1.0000000000000000
1.0000000000000000
1.0000000000000000
1.0000000000000000
1.0000000000000000
1.0000000000000000
1.0000000000000000
1.0000000000000000
1.0000000000000000
1.0000000000000000
1.0000000000000000
1.0000000000000000
1.0000000000000000
1.0000000000000000
1.0000000000000000
1.0000000000000000
1.0000000000000000
1.0000000000000000
1.0000000000000000
1.0000000000000000
1.0000000000000000
1.0000000000000000
1.0000000000000000
1.0000000000000000
1.0000000000000000
1.0000000000000000
1.0000000000000000
1.0000000000000000
1.0000000000000000
1.0000000000000000
1.0000000000000000
1.0000000000000000
1.0000000000000000
1.0000000000000000
1.0000000000000000
1.0000000000000000
1.0000000000000000
1.0000000000000000
1.0000000000000000
1.0000000000000000
1.0000000000000000
1.0000000000000000
1.0000000000000000
1.0000000000000000
1.0000000000000000
1.0000000000000000
1.0000000000000000
1.0000000000000000
1.0000000000000000
1.0000000000000000
1.0000000000000000
1.0000000000000000
1.0000000000000000
1.0000000000000000
1.0000000000000000
1.0000000000000000
1.0000000000000000
1.0000000000000000
1.0000000000000000
1.0000000000000000
1.0000000000000000
1.0000000000000000
1.0000000000000000
1.0000000000000000
1.0000000000000000
1.0000000000000000
1.0000000000000000
1.0000000000000000
1.0000000000000000
1.0000000000000000
1.0000000000000000
1.0000000000000000
1.0000000000000000
1.0000000000000000
1.0000000000000000
1.0000000000000000
1.0000000000000000
1.0000000000000000
1.0000000000000000
1.0000000000000000
1.0000000000000000
1.0000000000000000
1.0000000000000000
1.0000000000000000
1.0000000000000000
1.0000000000000000
1.0000000000000000
1.0000000000000000
1.0000000000000000
1.0000000000000000
1.0000000000000000
1.0000000000000000
1.0000000000000000
1.0000000000000000
1.0000000000000000
1.0000000000000000
1.0000000000000000
1.0000000000000000
1.0000000000000000
1.0000000000000000
1.0000000000000000
1.0000000000000000
1.0000000000000000
1.0000000000000000
1.0000000000000000
1.0000000000000000
1.0000000000000000
1.0000000000000000
1.0000000000000000
1.0000000000000000
1.0000000000000000
1.0000000000000000
1.0000000000000000
1.0000000000000000
1.0000000000000000
1.0000000000000000
1.0000000000000000
1.0000000000000000
1.0000000000000000
1.0000000000000000
1.0000000000000000
1.0000000000000000
1.0000000000000000
1.0000000000000000
1.0000000000000000
1.0000000000000000
1.0000000000000000
1.0000000000000000
1.0000000000000000
1.0000000000000000
1.0000000000000000
1.0000000000000000
1.0000000000000000
1.0000000000000000
1.0000000000000000
1.0000000000000000
1.0000000000000000
1.0000000000000000
1.0000000000000000
1.0000000000000000
1.0000000000000000
1.0000000000000000
1.0000000000000000
1.0000000000000000
1.0000000000000000
1.0000000000000000
1.0000000000000000
1.0000000000000000
1.0000000000000000
1.0000000000000000
1.0000000000000000
1.0000000000000000
1.0000000000000000
1.0000000000000000
1.0000000000000000
1.0000000000000000
1.0000000000000000
1.0000000000000000
1.0000000000000000
1.0000000000000000
1.0000000000000000
1.0000000000000000
1.0000000000000000
1.0000000000000000
1.0000000000000000
1.0000000000000000
1.0000000000000000
1.0000000000000000
1.0000000000000000
1.0000000000000000
1.0000000000000000
1.0000000000000000
1.0000000000000000
1.0000000000000000
1.0000000000000000
1.0000000000000000
1.0000000000000000
1.0000000000000000
1.0000000000000000
1.0000000000000000
1.0000000000000000
1.0000000000000000
1.0000000000000000
1.0000000000000000
1.0000000000000000
1.0000000000000000
1.0000000000000000
1.0000000000000000
1.0000000000000000
1.0000000000000000
1.0000000000000000
1.0000000000000000
1.0000000000000000
1.0000000000000000
1.0000000000000000
1.0000000000000000
1.0000000000000000
1.0000000000000000
1.0000000000000000
1.0000000000000000
1.0000000000000000
1.0000000000000000
1.0000000000000000
1.0000000000000000
1.0000000000000000
1.0000000000000000
1.0000000000000000
1.0000000000000000
1.0000000000000000
1.0000000000000000
1.0000000000000000
1.0000000000000000
1.0000000000000000
1.0000000000000000
1.0000000000000000
1.0000000000000000
1.0000000000000000
1.0000000000000000
1.0000000000000000
1.0000000000000000
1.0000000000000000
1.0000000000000000
1.0000000000000000
1.0000000000000000
1.0000000000000000
1.0000000000000000
1.0000000000000000
1.0000000000000000
1.0000000000000000
1.0000000000000000
1.0000000000000000
1.0000000000000000
1.0000000000000000
1.0000000000000000
1.0000000000000000
1.0000000000000000
1.0000000000000000
1.0000000000000000
1.0000000000000000
1.0000000000000000
1.0000000000000000
1.0000000000000000
1.0000000000000000
1.0000000000000000
1.0000000000000000
1.0000000000000000
1.0000000000000000
1.0000000000000000
1.0000000000000000
1.0000000000000000
1.0000000000000000
1.0000000000000000
1.0000000000000000
1.0000000000000000
1.0000000000000000
1.0000000000000000
1.0000000000000000
1.0000000000000000
1.0000000000000000
1.0000000000000000
1.0000000000000000
1.0000000000000000
1.0000000000000000
1.0000000000000000
1.0000000000000000
1.0000000000000000
1.0000000000000000
1.0000000000000000
1.0000000000000000
1.0000000000000000
1.0000000000000000
1.0000000000000000
1.0000000000000000
1.0000000000000000
1.0000000000000000
1.0000000000000000
1.0000000000000000
1.0000000000000000
1.0000000000000000
1.0000000000000000
1.0000000000000000
1.0000000000000000
1.0000000000000000
1.0000000000000000
1.0000000000000000
1.0000000000000000
1.0000000000000000
1.0000000000000000
1.0000000000000000
1.0000000000000000
1.0000000000000000
1.0000000000000000
1.0000000000000000
1.0000000000000000
1.0000000000000000
1.0000000000000000
1.0000000000000000
1.0000000000000000
1.0000000000000000
1.0000000000000000
1.0000000000000000
1.0000000000000000
1.0000000000000000
1.0000000000000000
1.0000000000000000
1.0000000000000000
1.0000000000000000
1.0000000000000000
1.0000000000000000
1.0000000000000000
1.0000000000000000
1.0000000000000000
1.0000000000000000
1.0000000000000000
1.0000000000000000
1.0000000000000000
1.0000000000000000
1.0000000000000000
1.0000000000000000
1.0000000000000000
1.0000000000000000
1.0000000000000000
1.0000000000000000
1.0000000000000000
1.0000000000000000
1.0000000000000000
1.0000000000000000
1.0000000000000000
1.0000000000000000
1.0000000000000000
1.0000000000000000
1.0000000000000000
1.0000000000000000
1.0000000000000000
1.0000000000000000
1.0000000000000000
1.0000000000000000
1.0000000000000000
1.0000000000000000
1.0000000000000000
1.0000000000000000
1.0000000000000000
1.0000000000000000
1.0000000000000000
1.0000000000000000
1.0000000000000000
1.0000000000000000
1.0000000000000000
1.0000000000000000
1.0000000000000000
1.0000000000000000
1.0000000000000000
1.0000000000000000
1.0000000000000000
1.0000000000000000
1.0000000000000000
1.0000000000000000
1.0000000000000000
1.0000000000000000
1.0000000000000000
1.0000000000000000
1.0000000000000000
1.0000000000000000
1.0000000000000000
1.0000000000000000
1.0000000000000000
1.0000000000000000
1.0000000000000000
1.0000000000000000
1.0000000000000000
1.0000000000000000
1.0000000000000000
1.0000000000000000
1.0000000000000000
1.0000000000000000
1.0000000000000000
1.0000000000000000
1.0000000000000000
1.0000000000000000
1.0000000000000000
1.0000000000000000
1.0000000000000000
1.0000000000000000
1.0000000000000000
1.0000000000000000
1.0000000000000000
1.0000000000000000
1.0000000000000000
1.0000000000000000
1.0000000000000000
1.0000000000000000
1.0000000000000000
1.0000000000000000
1.0000000000000000
1.0000000000000000
1.0000000000000000
1.0000000000000000
1.0000000000000000
1.0000000000000000
1.0000000000000000
1.0000000000000000
1.0000000000000000
1.0000000000000000
1.0000000000000000
1.0000000000000000
1.0000000000000000
1.0000000000000000
1.0000000000000000
1.0000000000000000
1.0000000000000000
1.0000000000000000
1.0000000000000000
1.0000000000000000
1.0000000000000000
1.0000000000000000
1.0000000000000000
1.0000000000000000
1.0000000000000000
1.0000000000000000
1.0000000000000000
1.0000000000000000
1.0000000000000000
1.0000000000000000
1.0000000000000000
1.0000000000000000
1.0000000000000000
1.0000000000000000
1.0000000000000000
1.0000000000000000
1.0000000000000000
1.0000000000000000
1.0000000000000000
1.0000000000000000
1.0000000000000000
1.0000000000000000
1.0000000000000000
1.0000000000000000
1.0000000000000000
1.0000000000000000
1.0000000000000000
1.0000000000000000
1.0000000000000000
1.0000000000000000
1.0000000000000000
1.0000000000000000
1.0000000000000000
1.0000000000000000
1.0000000000000000
1.0000000000000000
1.0000000000000000
1.0000000000000000
1.0000000000000000
1.0000000000000000
1.0000000000000000
1.0000000000000000
1.0000000000000000
1.0000000000000000
1.0000000000000000
1.0000000000000000
1.0000000000000000
1.0000000000000000
1.0000000000000000
1.0000000000000000
1.0000000000000000
1.0000000000000000
1.0000000000000000
1.0000000000000000
1.0000000000000000
1.0000000000000000
1.0000000000000000
1.0000000000000000
1.0000000000000000
1.0000000000000000
1.0000000000000000
1.0000000000000000
1.0000000000000000
1.0000000000000000
1.0000000000000000
1.0000000000000000
1.0000000000000000
1.0000000000000000
1.0000000000000000
1.0000000000000000
1.0000000000000000
1.0000000000000000
1.0000000000000000
1.0000000000000000
1.0000000000000000
1.0000000000000000
1.0000000000000000
1.0000000000000000
1.0000000000000000
1.0000000000000000
1.0000000000000000
1.0000000000000000
1.0000000000000000
1.0000000000000000
1.0000000000000000
1.0000000000000000
1.0000000000000000
1.0000000000000000
1.0000000000000000
1.0000000000000000
1.0000000000000000
1.0000000000000000
1.0000000000000000
1.0000000000000000
1.0000000000000000
1.0000000000000000
1.0000000000000000
1.0000000000000000
1.0000000000000000
1.0000000000000000
1.0000000000000000
1.0000000000000000
1.0000000000000000
1.0000000000000000
1.0000000000000000
1.0000000000000000
1.0000000000000000
1.0000000000000000
1.0000000000000000
1.0000000000000000
1.0000000000000000
1.0000000000000000
1.0000000000000000
1.0000000000000000
1.0000000000000000
1.0000000000000000
1.0000000000000000
1.0000000000000000
1.0000000000000000
1.0000000000000000
1.0000000000000000
1.0000000000000000
1.0000000000000000
1.0000000000000000
1.0000000000000000
1.0000000000000000
1.0000000000000000
1.0000000000000000
1.0000000000000000
1.0000000000000000
1.0000000000000000
1.0000000000000000
1.0000000000000000
1.0000000000000000
1.0000000000000000
1.0000000000000000
1.0000000000000000
1.0000000000000000
1.0000000000000000
1.0000000000000000
1.0000000000000000
1.0000000000000000
1.0000000000000000
1.0000000000000000
1.0000000000000000
1.0000000000000000
1.0000000000000000
1.0000000000000000
1.0000000000000000
1.0000000000000000
1.0000000000000000
1.0000000000000000
1.0000000000000000
1.0000000000000000
1.0000000000000000
1.0000000000000000
1.0000000000000000
1.0000000000000000
1.0000000000000000
1.0000000000000000
1.0000000000000000
1.0000000000000000
1.0000000000000000
1.0000000000000000
1.0000000000000000
1.0000000000000000
1.0000000000000000
1.0000000000000000
1.0000000000000000
1.0000000000000000
1.0000000000000000
1.0000000000000000
1.0000000000000000
1.0000000000000000
1.0000000000000000
1.0000000000000000
1.0000000000000000
1.0000000000000000
1.0000000000000000
1.0000000000000000
1.0000000000000000
1.0000000000000000
1.0000000000000000
1.0000000000000000
1.0000000000000000
1.0000000000000000
1.0000000000000000
1.0000000000000000
1.0000000000000000
1.0000000000000000
1.0000000000000000
1.0000000000000000
1.0000000000000000
1.0000000000000000
1.0000000000000000
1.0000000000000000
1.0000000000000000
1.0000000000000000
1.0000000000000000
1.0000000000000000
1.0000000000000000
1.0000000000000000
1.0000000000000000
1.0000000000000000
1.0000000000000000
1.0000000000000000
1.0000000000000000
1.0000000000000000
1.0000000000000000
1.0000000000000000
1.0000000000000000
1.0000000000000000
1.0000000000000000
1.0000000000000000
1.0000000000000000
1.0000000000000000
1.0000000000000000
1.0000000000000000
1.0000000000000000
1.0000000000000000
1.0000000000000000
1.0000000000000000
1.0000000000000000
1.0000000000000000
1.0000000000000000
1.0000000000000000
1.0000000000000000
1.0000000000000000
1.0000000000000000
1.0000000000000000
1.0000000000000000
1.0000000000000000
1.0000000000000000
1.0000000000000000
1.0000000000000000
1.0000000000000000
1.0000000000000000
1.0000000000000000
1.0000000000000000
1.0000000000000000
1.0000000000000000
1.0000000000000000
1.0000000000000000
1.0000000000000000
1.0000000000000000
1.0000000000000000
1.0000000000000000
1.0000000000000000
1.0000000000000000
1.0000000000000000
1.0000000000000000
1.0000000000000000
1.0000000000000000
1.0000000000000000
1.0000000000000000
1.0000000000000000
1.0000000000000000
1.0000000000000000
1.0000000000000000
1.0000000000000000
1.0000000000000000
1.0000000000000000
1.0000000000000000
1.0000000000000000
1.0000000000000000
1.0000000000000000
1.0000000000000000
1.0000000000000000
1.0000000000000000
1.0000000000000000
1.0000000000000000
1.0000000000000000
1.0000000000000000
1.0000000000000000
1.0000000000000000
1.0000000000000000
1.0000000000000000
1.0000000000000000
1.0000000000000000
1.0000000000000000
1.0000000000000000
1.0000000000000000
1.0000000000000000
1.0000000000000000
1.0000000000000000
1.0000000000000000
1.0000000000000000
1.0000000000000000
1.0000000000000000
1.0000000000000000
1.0000000000000000
1.0000000000000000
1.0000000000000000
1.0000000000000000
1.0000000000000000
1.0000000000000000
1.0000000000000000
1.0000000000000000
1.0000000000000000
1.0000000000000000
1.0000000000000000
1.0000000000000000
1.0000000000000000
1.0000000000000000
1.0000000000000000
1.0000000000000000
1.0000000000000000
1.0000000000000000
1.0000000000000000
1.0000000000000000
1.0000000000000000
1.0000000000000000
1.0000000000000000
1.0000000000000000
1.0000000000000000
1.0000000000000000
1.0000000000000000
1.0000000000000000
1.0000000000000000
1.0000000000000000
1.0000000000000000
1.0000000000000000
1.0000000000000000
1.0000000000000000
1.0000000000000000
1.0000000000000000
1.0000000000000000
1.0000000000000000
1.0000000000000000
1.0000000000000000
1.0000000000000000
1.0000000000000000
1.0000000000000000
1.0000000000000000
1.0000000000000000
1.0000000000000000
1.0000000000000000
1.0000000000000000
1.0000000000000000
1.0000000000000000
1.0000000000000000
1.0000000000000000
1.0000000000000000
1.0000000000000000
1.0000000000000000
1.0000000000000000
1.0000000000000000
1.0000000000000000
1.0000000000000000
1.0000000000000000
1.0000000000000000
1.0000000000000000
1.0000000000000000
1.0000000000000000
1.0000000000000000
1.0000000000000000
1.0000000000000000
1.0000000000000000
1.0000000000000000
1.0000000000000000
1.0000000000000000
1.0000000000000000
1.0000000000000000
1.0000000000000000
1.0000000000000000
1.0000000000000000
1.0000000000000000
1.0000000000000000
1.0000000000000000
1.0000000000000000
1.0000000000000000
1.0000000000000000
1.0000000000000000
1.0000000000000000
1.0000000000000000
1.0000000000000000
1.0000000000000000
1.0000000000000000
1.0000000000000000
1.0000000000000000
1.0000000000000000
1.0000000000000000
1.0000000000000000
1.0000000000000000
1.0000000000000000
1.0000000000000000
1.0000000000000000
1.0000000000000000
1.0000000000000000
1.0000000000000000
1.0000000000000000
1.0000000000000000
1.0000000000000000
1.0000000000000000
1.0000000000000000
1.0000000000000000
1.0000000000000000
1.0000000000000000
1.0000000000000000
1.0000000000000000
1.0000000000000000
1.0000000000000000
1.0000000000000000
1.0000000000000000
1.0000000000000000
1.0000000000000000
1.0000000000000000
1.0000000000000000
1.0000000000000000
1.0000000000000000
1.0000000000000000
1.0000000000000000
1.0000000000000000
1.0000000000000000
1.0000000000000000
1.0000000000000000
1.0000000000000000
1.0000000000000000
1.0000000000000000
1.0000000000000000
1.0000000000000000
1.0000000000000000
1.0000000000000000
1.0000000000000000
1.0000000000000000
1.0000000000000000
1.0000000000000000
1.0000000000000000
1.0000000000000000
1.0000000000000000
1.0000000000000000
1.0000000000000000
1.0000000000000000
1.0000000000000000
1.0000000000000000
1.0000000000000000
1.0000000000000000
1.0000000000000000
1.0000000000000000
1.0000000000000000
1.0000000000000000
1.0000000000000000
1.0000000000000000
1.0000000000000000
1.0000000000000000
1.0000000000000000
1.0000000000000000
1.0000000000000000
1.0000000000000000
1.0000000000000000
1.0000000000000000
1.0000000000000000
1.0000000000000000
1.0000000000000000
1.0000000000000000
1.0000000000000000
1.0000000000000000
1.0000000000000000
1.0000000000000000
1.0000000000000000
1.0000000000000000
1.0000000000000000
1.0000000000000000
1.0000000000000000
1.0000000000000000
1.0000000000000000
1.0000000000000000
1.0000000000000000
1.0000000000000000
1.0000000000000000
1.0000000000000000
1.0000000000000000
1.0000000000000000
1.0000000000000000
1.0000000000000000
1.0000000000000000
1.0000000000000000
1.0000000000000000
1.0000000000000000
1.0000000000000000
1.0000000000000000
1.0000000000000000
1.0000000000000000
1.0000000000000000
1.0000000000000000
1.0000000000000000
1.0000000000000000
1.0000000000000000
1.0000000000000000
1.0000000000000000
1.0000000000000000
1.0000000000000000
1.0000000000000000
1.0000000000000000
1.0000000000000000
1.0000000000000000
1.0000000000000000
1.0000000000000000
1.0000000000000000
1.0000000000000000
1.0000000000000000
1.0000000000000000
1.0000000000000000
1.0000000000000000
1.0000000000000000
1.0000000000000000
1.0000000000000000
1.0000000000000000
1.0000000000000000
1.0000000000000000
1.0000000000000000
1.0000000000000000
1.0000000000000000
1.0000000000000000
1.0000000000000000
1.0000000000000000
1.0000000000000000
1.0000000000000000
1.0000000000000000
1.0000000000000000
1.0000000000000000
1.0000000000000000
1.0000000000000000
1.0000000000000000
1.0000000000000000
1.0000000000000000
1.0000000000000000
1.0000000000000000
1.0000000000000000
1.0000000000000000
1.0000000000000000
1.0000000000000000
1.0000000000000000
1.0000000000000000
1.0000000000000000
1.0000000000000000
1.0000000000000000
1.0000000000000000
1.0000000000000000
1.0000000000000000
1.0000000000000000
1.0000000000000000
1.0000000000000000
1.0000000000000000
1.0000000000000000
1.0000000000000000
1.0000000000000000
1.0000000000000000
1.0000000000000000
1.0000000000000000
1.0000000000000000
1.0000000000000000
1.0000000000000000
1.0000000000000000
1.0000000000000000
1.0000000000000000
1.0000000000000000
1.0000000000000000
1.0000000000000000
1.0000000000000000
1.0000000000000000
1.0000000000000000
1.0000000000000000
1.0000000000000000
0.0109059963549076
0.0112407382504277
-0.0092098334222470
-0.0183805368338274
0.0097039689971000
0.0008293292205175
0.0128309650714834
-0.0099759131870815
-0.0119165254352081
-0.0092497336884273
-0.0046353239323976
-0.0030158245713273
0.0035027999660310
-0.0008602872708537
0.0049501155254109
0.0136211807353559
0.0076769456218418
-0.0010084344916491
-0.0102737716130706
0.0040971803385107
-0.0004716578649936
0.0022060487283003
-0.0000152653523857
0.0076180663427970
0.0111929068704213
-0.0038098765107194
0.0088432431381219
-0.0088679895011321
-0.0104450998615904
-0.0163465782316723
0.0017865157598959
0.0084654788847079
0.0129492511612583
-0.0013855333190220
0.0183553511927821
-0.0148537015817366
0.0092928830760604
0.0152081792540187
-0.0077029817387975
-0.0119560327912125
-0.0117345974369576
0.0150780219533157
-0.0181561522126155
0.0084179467499900
0.0047393679676863
-0.0014869190621026
0.0031851831433464
0.0067866205205001
0.0016905261365797
-0.0122739579499415
-0.0128439515003617
-0.0056766815345578
0.0058123642333408
0.0008859027640169
-0.0026637819719173
-0.0073944693995975
-0.0059614980652064
-0.0002404802712717
-0.0154730418537151
0.0060974264804457
0.0108204149759153
0.0098330245984671
-0.0100940764724209
0.0012191152968923
0.0020114280111976
-0.0118658637942377
0.0055914567818432
0.0018390566838745
-0.0064125066596630
-0.0018431519610891
-0.0066168360019546
-0.0116787728359093
0.0117201094662314
0.0070749019645741
-0.0127838796265925
0.0109673375922054
-0.0119866518016824
-0.0047964167377672
-0.0123641905231506
-0.0038723019117350
0.0076110065921486
-0.0050813737075679
0.0066766751048727
-0.0079313606534504
0.0044850440350371
-0.0057786536101363
-0.0100342161630965
-0.0122699497347595
-0.0005474719399808
0.0037460466547371
-0.0012297765520990
-0.0132000983714066
0.0018917744129586
-0.0140120373507200
-0.0133830991758125
-0.0027884886417564
0.0095300978031028
0.0040402813853535
0.0035126747354096
0.0016936372336405
0.0063907065476623
-0.0090035849392129
-0.0002915394471442
0.0076271892758312
-0.0152565811961901
0.0145081704869168
0.0132144735134201
-0.0083273570605164
-0.0010203595666330
-0.0120716840815679
-0.0018522743955579
0.0097850833980702
0.0144346875664418
0.0098552957963637
-0.0027239949470944
0.0136764492748040
0.0079408043992208
-0.0102896975176213
-0.0143798574672983
-0.0058763791102942
-0.0019645890207278
0.0120134325165871
0.0108016387689903
0.0112136447330518
0.0018251059003725
-0.0106558496809541
-0.0144046207858466
-0.0088450811364121
0.0107536138254793
0.0080656652457514
0.0108752452391433
-0.0126518975626651
0.0151854274469150
0.0001815332416248
-0.0007617122838803
0.0108507761441993
-0.0015214846919197
0.0139632531184054
-0.0027015927248525
0.0151962728967003
-0.0101170513016898
0.0136128563397620
0.0153224606950013
-0.0098889022283339
0.0131484108128194
-0.0020503351117584
-0.0126088495512257
-0.0078229711458906
-0.0132718022283299
-0.0149051715414067
0.0040655796445289
0.0040737151815244
-0.0153494408188935
0.0085123636831087
0.0017156089131566
-0.0130216587925930
0.0071765392585231
-0.0062163436711482
-0.0113997121630546
-0.0139157306665084
0.0021314045109365
0.0020235055451346
0.0150715184201809
-0.0074103653257159
0.0110295151914507
0.0009018521835226
-0.0020907422346866
-0.0139507106862695
0.0082870607264480
0.0090243532269114
0.0054089323430996
-0.0153378135351446
-0.0009458998455501
-0.0064968938004109
0.0114748587651343
-0.0069026599270220
-0.0082901240162886
-0.0153569635499866
0.0007913995941698
-0.0101299636508628
0.0058007044480600
0.0150780593620612
0.0083074848937875
0.0023545363603437
-0.0052740746066584
-0.0095581856937564
-0.0145681530557757
-0.0003960093936015
-0.0076845983934672
-0.0147003073481222
-0.0132514191863341
-0.0104071652456316
-0.0043908154026863
0.0106177103125124
-0.0055623254649935
-0.0113147125309677
-0.0014057858933697
0.0031302334031430
-0.0150588410312517
0.0025079232273951
-0.0072012188792606
0.0086386603310817
0.0073058020889533
0.0108063027851101
-0.0073994154831500
0.0063954943119438
-0.0025387496220779
-0.0105767852505987
-0.0143799782035833
0.0144959424861956
-0.0046692962104807
0.0119556372327712
0.0091817433606753
-0.0142061459365833
0.0035495462330967
0.0044155119788283
-0.0121068107567570
-0.0086273968278944
-0.0023237789409820
0.0147363126735699
-0.0054901553259128
-0.0021838128328353
-0.0023987882768570
0.0084447337735491
-0.0089352954247183
0.0139173182481001
-0.0031867017826577
0.0028065207206106
-0.0034733907125127
-0.0109401778983259
-0.0146630230259941
-0.0154683377893891
-0.0132801474497252
-0.0098810223488858
0.0072318907639290
0.0129732621561695
-0.0138541816913807
-0.0110398904059657
0.0057572769443974
0.0002620952778876
-0.0005175286474754
0.0039791316357498
-0.0035134999384170
-0.0004413728612626
0.0153034293634685
-0.0043030039325786
0.0013760067619689
-0.0139807965476258
-0.0037886512349750
-0.0121206702676388
-0.0023225280908686
0.0039837496256864
-0.0040143907293910
-0.0105170538470944
0.0049192949641506
-0.0042908707711901
-0.0135448569130943
-0.0080643222562027
-0.0143436291836851
0.0036071981477560
0.0135671664876360
0.0136536823636665
-0.0061668404136922
-0.0033716768325376
0.0068118153238033
0.0053607562886976
-0.0085732101845381
-0.0105291627037264
-0.0105192602000194
0.0035594247623778
-0.0108377265440093
-0.0073688267445585
0.0028658971772757
0.0008980945073562
-0.0072752966494880
0.0144409835476555
-0.0088955043060542
0.0068759795475940
-0.0134541856350311
-0.0001660196697046
-0.0108763057998539
0.0093821553230338
0.0146327554090302
0.0121146366347380
-0.0142289170486452
0.0101578527231299
-0.0015932162088192
0.0024310354972137
-0.0004075856724661
-0.0146457205176755
-0.0114108105557726
0.0079464124101260
0.0021575714307612
-0.0137686323770957
0.0155086316997866
0.0056454530987769
-0.0020631750032337
0.0021268017049336
-0.0034793155579079
0.0094919234189674
-0.0089487520853174
-0.0029868518605103
0.0071771183949939
0.0053139734389096
0.0105492340251687
0.0053719329623516
-0.0155644180874401
0.0051222383595221
0.0150639103991200
-0.0102852843984553
-0.0025644476996199
0.0001267142614455
-0.0062111515627383
0.0145202143987453
0.0146102430070208
0.0029157874476209
-0.0047465226300272
0.0151598572533810
0.0081575536307920
0.0136199106675999
0.0028528751060115
0.0128035295733887
0.0153010763776515
0.0143250898102347
0.0102874178693025
0.0109800984158721
0.0104275072987721
-0.0048485012590986
-0.0127197031590578
-0.0091514587384249
0.0139811209391210
0.0112438859876726
0.0075713055030307
0.0003667877231899
-0.0065147659305282
-0.0015043844896159
-0.0004108866684695
0.0066722312468184
0.0012238319840332
0.0127117445811860
0.0091421414934992
0.0062141416417348
0.0075321813373697
0.0015675029084915
-0.0054947766256187
0.0022977790538636
0.0140243013947960
-0.0081513170189261
-0.0117897360722658
-0.0070140779901796
-0.0009285720497205
0.0134520889977988
-0.0143384678989358
-0.0034147227917242
-0.0045095229286315
0.0010269201694688
0.0010748926944881
0.0020915769517115
0.0006949426231300
0.0148138237047971
0.0102789078103313
-0.0015115339865808
-0.0093255952929536
-0.0084175614368229
0.0104279078936873
-0.0127656463155688
0.0079924221665087
0.0063777769186870
0.0080679491176439
0.0000820979667493
0.0055528696295134
0.0024536247424865
0.0052833314489363
0.0011367557210774
-0.0070986430524737
-0.0096582001738389
0.0084262850700937
0.0126012596562399
0.0086762608986493
0.0037658557807447
0.0025594977719566
0.0143566196979400
-0.0155013826699954
0.0046348516487423
-0.0152860877358570
-0.0011300676545185
-0.0020648143807164
0.0003205113952018
0.0008368547802802
0.0052464097339907
0.0032207307420381
-0.0078887008475832
-0.0110166829594759
0.0021140541915817
0.0132672103589121
0.0081399194547744
0.0022979867394318
0.0019925067559187
-0.0027981029760690
0.0009627510104363
-0.0118442181575163
0.0101304864816989
0.0070001111804068
-0.0033894100945392
0.0043236616036882
-0.0103292046307762
-0.0042018706552770
0.0037709489430956
0.0023032403565489
0.0134195182875761
0.0078706510862502
0.0129968046052697
-0.0109106480896033
0.0113799033394944
-0.0043882676450558
-0.0103369814601526
-0.0000414439576336
-0.0116905062928781
0.0114545385688095
0.0107970732632515
0.0129362418273125
0.0126212927074873
-0.0094556805850256
0.0073985514179736
0.0002277902198043
0.0012805691440057
-0.0057747788390073
-0.0044721762359414
0.0050560124547482
-0.0078133075331765
-0.0116488513918631
-0.0114064966861031
-0.0032408267604039
0.0123410720823204
0.0143832531116109
0.0069966514501010
0.0094381524447015
-0.0080309020114784
-0.0101193723663097
0.0137827776232533
-0.0116826129139629
0.0087301597532192
0.0075239358786155
-0.0138125286394035
-0.0120067236070206
-0.0084915633101339
-0.0040535733270985
-0.0110436117344049
-0.0090630622792131
0.0050828286288647
0.0093221362050876
0.0030896494672044
0.0000288945998354
0.0121257653692668
-0.0021501556171640
0.0069701262173812
-0.0033917751138375
-0.0082753301429836
0.0107201575398509
-0.0064973938245375
0.0022061283611697
0.0029956588445197
0.0088283080907841
0.0040967501865628
-0.0035348669130497
-0.0155367962933080
-0.0093914002340595
0.0083237351205841
0.0037627469308236
-0.0143296940335020
-0.0106183748465831
-0.0020370244226312
0.0010100572092936
-0.0132078408650339
0.0135091027689721
-0.0008596063715234
-0.0007816655796881
-0.0038905454704469
0.0035692502678386
-0.0033749870714679
0.0042856433590692
0.0042911213974841
0.0137350578350101
0.0048567474778617
0.0149599664094367
-0.0080785634216225
0.0056642091110274
0.0074615528818676
0.0034387234283041
0.0108479656182846
0.0055967935493797
0.0074436192543901
-0.0082320626187275
-0.0092025439134941
0.0027871797119575
0.0032772183419310
-0.0095348849208742
0.0140557058377189
0.0004962810082955
0.0109449674866753
-0.0039320554676719
-0.0056775306482001
0.0086270989005771
-0.0106560619795525
0.0002522842453374
-0.0024115421237770
-0.0150178369904523
0.0110337030635301
0.0078683485204744
0.0084004612400077
-0.0011018766599511
0.0042110715599197
0.0088527525320439
0.0020089685506555
0.0112448733152500
-0.0096087460110257
-0.0023642898596337
-0.0059067350636858
-0.0126429700535223
-0.0065050449552360
0.0110126843463342
0.0084167068466642
0.0024291152847265
-0.0105580068700773
-0.0074159750770186
0.0125635901125444
-0.0122351079145274
-0.0013947492947669
-0.0152866367826907
0.0036818248345575
0.0016228427356321
0.0117308095462299
0.0010482625496731
-0.0047457947203180
0.0039524161871240
0.0062562151096013
0.0093531454910603
-0.0099446224978588
-0.0145777659048535
-0.0153198532034188
0.0099942847348756
-0.0064128257809798
0.0065022646352084
-0.0154797306349679
0.0041795607151583
-0.0045305815935560
-0.0118932048716273
0.0136451903830899
0.0150069547025302
0.0116275910324020
0.0045309391389173
0.0127187797077554
-0.0056400653963051
-0.0074352108799136
0.0114508608614852
-0.0009117210975876
0.0107834199478452
-0.0066184268821285
0.0126377737526824
0.0037733787812932
0.0096096628348437
0.0021500626508289
-0.0145804917732899
0.0108161618246179
-0.0041245440754480
-0.0053379019174744
-0.0035884017902092
-0.0029044247483893
-0.0140936362568981
-0.0059142204945432
0.0041857622535279
0.0092251520991558
0.0130751437792033
-0.0030501645355947
0.0038454040375358
-0.0127180331687286
0.0077651619109887
-0.0048448660690278
0.0127980293576392
-0.0002751801206371
0.0144270412303439
0.0155020762960618
0.0144867292454428
-0.0032264941487892
-0.0028959640381357
-0.0089018744787068
-0.0019183991081459
0.0003417890043368
0.0102318216055978
0.0045931698688219
-0.0141202594846982
0.0104083822120142
-0.0004445832262670
0.0152707570798155
0.0101236085662786
0.0065456101857449
0.0104792135934103
0.0051409342728724
-0.0068985448665825
-0.0060136946891401
-0.0037655156843840
0.0003499981628129
-0.0059490450794535
0.0130232637297761
0.0022407289400379
0.0012548955661716
-0.0155572456976145
-0.0062665042022746
0.0013373501761123
0.0079765996950358
-0.0091877124976857
-0.0038817610341416
-0.0070289407141764
-0.0018043032848189
0.0026219665890567
-0.0108729097395931
0.0008484003062575
0.0101121172328544
-0.0143767911041587
-0.0154836884139784
-0.0016660342055034
-0.0036872967265124
-0.0137431648943319
-0.0154097141359429
-0.0100383781430455
-0.0092154382702453
-0.0134585146237814
0.0045639917133314
0.0031769659698413
-0.0021417411343549
-0.0082247182612024
-0.0089092520356950
-0.0155529852062779
0.0023848208789798
-0.0143810147711473
-0.0085820735737745
0.0056886347333039
0.0043481883914746
-0.0014611244656196
0.0097761616960656
0.0116919604597955
0.0078713816993982
-0.0008937996971035
-0.0065789162893429
0.0102471941416015
0.0058482051592536
-0.0099453395451516
0.0092354647456767
-0.0117989968795096
-0.0120853434814621
-0.0081788074849108
-0.0001004710047874
0.0065673526856899
-0.0094934847907257
0.0147364730286581
0.0043682312961701
-0.0090522447600573
0.0147088300976634
0.0068335639544438
0.0060845943477210
-0.0038763374673786
0.0081633482162740
0.0017711510106682
0.0080631257696551
0.0069030298840774
0.0055082951177227
-0.0033625266975357
0.0097670274251924
-0.0143845803016021
0.0110788610851862
0.0096416326087394
-0.0076321764996019
0.0007777045130483
-0.0002962040398155
-0.0099241638152577
-0.0043111542857759
-0.0074325674383431
0.0080276845856038
0.0152612498631447
0.0141998179397141
-0.0074197855980829
-0.0075652830704466
-0.0121705842157583
-0.0154886731832182
0.0150116461120482
-0.0011837879571886
0.0085830117956276
-0.0145118175976561
0.0019085775931492
0.0023896616451244
-0.0127844429037423
0.0012883107436864
-0.0063073208141236
-0.0013735033555372
0.0146568762290840
-0.0155175923106479
-0.0115595590692615
0.0142980171798517
0.0102490324943975
-0.0053394425705896
-0.0040917632893336
-0.0022593772059137
0.0133365712688385
0.0011584237816927
-0.0132270972990923
-0.0125735046045144
0.0033199096698766
-0.0068592724224984
0.0109247131208106
-0.0069314998312347
0.0121158878721838
-0.0154688927956979
0.0071805237903161
0.0040385070400316
-0.0052511118955175
-0.0005482462068691
-0.0039571201323451
-0.0141201790124149
0.0058879023890435
0.0120319007330213
-0.0055903500319317
-0.0014778162159458
-0.0102446790481127
-0.0128472631799258
-0.0057721698196874
0.0074022497110090
0.0136869256725175
-0.0111165873666345
-0.0062200211389890
-0.0127822849192414
-0.0033248990761866
-0.0155831130291233
-0.0125782867233173
-0.0016389697783856
-0.0070561078898681
0.0034855885787475
-0.0044530442295287
-0.0147679562335733
-0.0127462398839112
0.0006377840947876
0.0018673694771699
0.0142587353713937
-0.0004736282040897
0.0034855510483690
0.0059679488050808
-0.0082494050294087
-0.0074024858047496
-0.0042001133973545
0.0097441250501466
0.0058878783307880
0.0100193892886942
0.0136584578822161
0.0074950929113544
-0.0022975795218632
0.0067554081736011
0.0136980447197575
-0.0149908764832942
-0.0140768157015380
0.0060559091390286
0.0020498211488064
0.0018379230468295
0.0027977627296092
-0.0010331103914125
-0.0155006396123991
-0.0003379493863603
0.0125192798147768
-0.0048565133921231
0.0069804531086039
0.0092061979906581
-0.0027331206950899
-0.0050222383706627
0.0056593417896749
0.0094972176886928
0.0031573681336490
-0.0068617283900427
0.0059630057708866
0.0147930411332671
0.0025385797331877
-0.0074204895521172
0.0150839220008921
0.0037670750475398
0.0061975931483251
-0.0139414135473191
0.0014206975980312
0.0045360214626717
0.0051040828360718
0.0015337212889334
0.0037465333666293
-0.0153577315450191
0.0107886211645518
0.0115896029900696
-0.0120814207110466
-0.0116085042830108
-0.0068109522330120
-0.0090498593125474
0.0079461999218706
0.0105509762835174
0.0062931258161815
-0.0146575937467310
-0.0106053502205082
0.0096709976375650
0.0072114755870915
0.0030765874701618
0.0073743789339672
-0.0013072891371862
0.0091289824573974
0.0089811516873519
0.0038852215008796
0.0123948211950440
-0.0089585487479149
-0.0008494822038901
0.0076251043345068
0.0125409205859725
0.0063117119426504
0.0027078192299608
-0.0097550418878211
0.0110255631314994
0.0144822920961573
-0.0115723879313618
-0.0099496989236384
0.0092794697859277
0.0094906184026417
0.0148173167407371
-0.0087831415074992
-0.0010269563148318
-0.0090698990553797
-0.0029559369891243
0.0118713749436186
0.0149029124751376
-0.0105032856172273
0.0058963494104912
0.0076775283846371
-0.0007476129699973
0.0029165784731963
0.0072503053510915
0.0082119336685440
0.0042985943784365
-0.0076750765924214
-0.0067075148936722
-0.0013094725576136
-0.0047871550204206
-0.0078037302378739
0.0046867850806911
0.0142923270676016
0.0040296698841491
0.0052241025465160
-0.0090591965179461
-0.0109867781600860
-0.0117052287069303
0.0053651537210466
-0.0054169460471542
0.0082067298551312
0.0046927696843096
0.0053109524673509
-0.0017340472617740
0.0044606056628736
0.0037026913950725
-0.0069688206270983
0.0127650782249888
-0.0121852520713689
0.0061243073435427
0.0125430631917171
0.0061807434229640
0.0042904930589354
0.0111944595574186
0.0111893522890506
-0.0093107741164359
0.0027548532798220
0.0071972582921484
-0.0048974351359012
0.0062526551756894
-0.0096170029651403
0.0057680837580533
0.0081246068172635
-0.0061005389384422
-0.0094242677642123
-0.0002739845075588
-0.0024035172482453
-0.0038130151229270
0.0070789998766119
-0.0029980266134646
0.0147477114251830
-0.0150633074219233
0.0020010316120616
0.0038414898109816
0.0005717206613235
0.0120427618103536
0.0150850737694685
0.0026295605232709
0.0107786183108952
-0.0004926727205656
-0.0026294806105733
-0.0149075767829977
-0.0063984716487502
-0.0054245986986534
-0.0088071928236244
0.0147602587380192
-0.0093830638266902
-0.0133735734058282
0.0039003271549815
-0.0047638078449093
-0.0131089063336154
-0.0097685218241676
0.0092303476351027
0.0130066189770072
0.0074146284520567
-0.0112863349150644
0.0138688385144469
0.0150117149905699
0.0101828768057027
0.0137439550295232
0.0117182775692480
-0.0127017869351839
-0.0078995368907117
-0.0119819322408649
-0.0124939789133828
-0.0096746758655262
-0.0146053581149632
-0.0077688673001768
-0.0146838998658955
-0.0046533540751892
0.0018742819127613
0.0143250789629422
0.0069917503513143
0.0042169164238189
0.0142365767251273
0.0128470715876127
0.0108487901138312
-0.0022081233701195
-0.0064751856274485
-0.0093549449033905
0.0090820819439474
0.0047635228873507
0.0055211849224189
-0.0104990437399516
-0.0017555931740702
-0.0021030600770480
-0.0021366977514199
-0.0097200124500306
-0.0112943686104045
-0.0074954223514687
0.0140412112608200
0.0075158041458694
-0.0076405079020173
-0.0014365808057283
0.0083115498140168
0.0145800562417097
0.0134703990456472
0.0040922941915389
-0.0002109875210870
0.0053374311063201
-0.0048427380819632
0.0019668513246309
0.0029331020420221
0.0029977482313163
0.0016558971641135
0.0081236922048392
0.0144910323005357
0.0002568039601977
-0.0103147970982807
0.0083197179058496
-0.0021760773727842
0.0017690117049586
-0.0043535388625923
-0.0029876455590635
-0.0048791708530273
0.0104869081592508
0.0094679557650555
-0.0151160463619099
-0.0080358119899402
-0.0052581910135043
-0.0027078128779596
-0.0016474927340017
0.0111826068367046
-0.0116971548153925
-0.0098098223240353
-0.0135738457683600
0.0068103073065688
0.0114508109546096
-0.0126326506317444
-0.0050323051410960
-0.0131092229902498
-0.0135720098118388
0.0140797665984335
0.0109277307100897
0.0061916071154718
-0.0007514611258258
0.0054854525259551
-0.0043665726705933
0.0067631456260629
-0.0114340811779232
0.0011209465376683
0.0032427043066563
0.0015075587034454
0.0014565124096839
0.0069536097535324
0.0083212125325073
0.0077860000868887
-0.0112244163690175
-0.0066203881983401
0.0043020846977822
-0.0120895884251263
0.0130421274610579
-0.0037823800406433
-0.0081035398774387
-0.0125416856932813
-0.0106161808841515
-0.0077388487755365
-0.0106932260285238
0.0113368622009199
0.0149803913335281
0.0114797950084726
-0.0130142363978717
0.0031555100992788
-0.0009253799517518
0.0066511795565425
0.0033523859323222
-0.0032401545599562
0.0011250057745066
-0.0149884660940340
0.0091000623220508
0.0013415447634643
0.0103137845644947
0.0105435955639823
-0.0076791417293169
0.0071718349423207
-0.0125250714967173
0.0106623416151658
0.0107401579229834
0.0080117075545086
-0.0124141034503444
-0.0067067015795879
-0.0120196303705322
-0.0075412225968115
0.0007398996331483
0.0135349495526109
0.0092775145398771
0.0037836546248716
0.0125351938665666
0.0119980685734635
-0.0154533998388316
-0.0077324596287176
-0.0038712950491053
-0.0046456512053658
0.0083932213573123
0.0139371206017403
-0.0016056313256961
0.0039463286591964
-0.0127086552622151
0.0058601772935310
0.0083296955469667
-0.0024685178687098
-0.0077835653495661
-0.0135002608758276
0.0145574886689398
-0.0082296954019339
-0.0078725704912239
0.0042196188445425
0.0143245261314278
0.0082854621734136
-0.0075830639497913
-0.0152813507806307
-0.0004942205719439
-0.0098036545024818
-0.0052113725297239
0.0084273982304266
-0.0060298186262753
-0.0144707838329540
-0.0025611387088910
0.0056440859238287
-0.0000752421032004
0.0113912255219627
0.0045529787828337
-0.0029574778582997
-0.0114471208750599
0.0092674570710860
-0.0019184421257038
-0.0148308657085678
-0.0006227630118581
0.0055200621672008
0.0123787522169725
-0.0133975809217632
-0.0100616111726303
-0.0027075369917574
-0.0156034058641272
-0.0008133999611706
0.0028222760998595
-0.0004093924624537
0.0121517042573062
0.0094189270399624
0.0137075976541591
0.0126221727435457
0.0054582722264099
-0.0101504838174594
0.0154417895262630
-0.0099064657162943
0.0109448808026975
0.0049695392244886
-0.0070600958572163
0.0108073371864865
-0.0039944733833144
0.0057171353133314
-0.0082110639948600
0.0084833010835271
0.0032473892678397
0.0054925723789835
-0.0057523463267386
-0.0154585060009560
0.0091380445422237
-0.0049646730671684
0.0112062628380829
-0.0150294035024838
0.0099648507106001
0.0145673760601900
0.0118599898279351
0.0022030368003018
0.0022193200911219
0.0155469310868816
-0.0097785049767339
0.0046436208962074
0.0047227437805913
0.0138013796157788
-0.0046275818384306
-0.0010766581056069
-0.0040848363901862
0.0016356291448568
-0.0099055040326316
-0.0145432639663290
-0.0139622409878188
0.0070578070050469
-0.0026357903305275
-0.0014860881396666
0.0103304158967485
0.0061649994056527
-0.0015012417680643
0.0011165388551762
0.0113701940564407
0.0104924534218523
0.0016200973664484
-0.0125597076686709
0.0126133099779284
-0.0062236578888837
0.0086863064934050
0.0049280075621465
-0.0022470323174393
0.0095363715408255
-0.0142691810141257
-0.0096014699398765
0.0139820405783622
0.0038270362964026
0.0041200121994031
0.0021091951615312
0.0019642218947093
0.0145259387316662
-0.0093231409504806
-0.0092683693936418
0.0019214295960000
0.0027137449903772
0.0102993053530945
-0.0066457444085617
0.0132058656871430
0.0083302877702576
-0.0155297399688273
0.0087320526327686
0.0153468564727204
-0.0015477900570984
0.0110926818700473
-0.0123798679106572
-0.0124813162009221
-0.0118898011161005
-0.0029605100842492
0.0130460116779879
0.0040576989228983
-0.0037570938714102
-0.0036891418293752
0.0037121785241795
-0.0034144752172169
-0.0054301553122212
-0.0131229463185775
-0.0106252766015906
0.0042954258650532
0.0150907765092544
0.0125062529154923
0.0060823525512054
0.0146988871056724
0.0099682307817770
0.0063971113368491
0.0065719246520935
-0.0142375793396403
-0.0004954376443882
0.0028509460518312
0.0067907193021119
-0.0020729648952427
-0.0011799699476238
0.0107486682945410
0.0136959417122622
0.0035290660746937
0.0122518052452019
0.0051912540028466
0.0097409093961488
-0.0052068204630058
-0.0128541332842766
0.0031194039591092
0.0140450794643535
-0.0003710019199150
0.0075761774021668
0.0132859616579589
-0.0150521243071964
0.0116859028905972
0.0131115337618461
0.0065437340774523
-0.0036096976147119
0.0101906156403347
0.0059862816409611
0.0037039624532546
0.0079640543966491
0.0133255232951925
-0.0023871304351111
0.0036228382837284
0.0149222517916904
0.0020718654275537
-0.0052356147242676
0.0122455909495095
0.0123026775275532
-0.0031648105841333
0.0048037988249628
-0.0046329830260236
-0.0034137207483405
-0.0028491102545930
-0.0081994658505439
-0.0091046761936877
-0.0052735695391827
-0.0095543460298168
0.0009685993841402
-0.0048075599044710
0.0107769047283659
0.0034889139330216
0.0133670423274008
0.0028817044480347
0.0023735656945837
-0.0124905353798787
-0.0037239408753155
0.0053502170968763
0.0042121228297209
0.0092519360151439
0.0143139738057753
-0.0058383816439785
0.0058485003135734
-0.0074888726182305
-0.0045597949791234
-0.0063185786297448
0.0104461897326497
-0.0085636770381548
0.0026813691946895
0.0090342695540053
-0.0124865171520176
0.0006293671388464
0.0102516365378375
-0.0022189925529568
0.0006616177224340
0.0070695970695655
0.0066632341810021
-0.0080213875611991
0.0154835102223371
0.0084989267378810
-0.0153429745685637
0.0028299901802251
-0.0037094941993339
-0.0096860434518884
-0.0103719160497436
0.0105980594792511
0.0108383412468181
-0.0051389642581020
-0.0005460619949687
-0.0100675805210280
0.0128361055850694
-0.0063872533837402
-0.0032886857703943
-0.0089641269273115
0.0104069146699635
-0.0010095787452165
-0.0145420618546770
-0.0117930901469839
0.0056305507699614
-0.0103102828074143
0.0038940157890991
0.0127813555776616
0.0109528939779098
0.0083217676059470
0.0109472831623495
0.0001809196303115
-0.0087156037593417
-0.0037357253701635
0.0070281439484213
0.0013050827147241
0.0067674058541860
0.0132061760842531
-0.0021339214990283
0.0080114471907284
0.0041384845502363
-0.0089930899283665
-0.0098534206352704
0.0082255539319620
-0.0149263685735877
0.0102997271335580
0.0135868571810384
-0.0092063186676685
-0.0133466107290410
-0.0101114027289315
-0.0077287842709527
0.0069116087307715
-0.0002501735673727
0.0091927489554708
0.0088554853959943
-0.0016078933632641
0.0121617872709182
0.0001089808501784
0.0070393357377240
-0.0008926700964822
-0.0135807866576057
0.0081568570147493
-0.0022806276227718
-0.0016947585064119
-0.0104446785728102
0.0025952141931704
-0.0087206077640903
0.0156129810997439
0.0128807608089886
0.0114552682760153
0.0051374029889527
0.0061018591376850
0.0131956353821782
-0.0004183604469272
-0.0069360085805400
-0.0001830743266392
0.0133718056834254
0.0146626149421105
0.0126136388408954
0.0145389709848172
0.0057499712337151
-0.0042854549734205
-0.0056156886221575
0.0053532662463218
0.0058852221677112
0.0118244162624896
-0.0064153676781418
-0.0050393625394194
-0.0050356398742340
0.0108110711767903
0.0018189747248003
0.0048993850957409
-0.0112850110961045
0.0121545775068013
0.0077139077152654
-0.0091774817309624
0.0020940360686846
0.0029858960073095
0.0095427646846348
-0.0083404657174268
0.0100184582933984
0.0117785347174397
-0.0050337993373128
-0.0102263757984135
0.0064643207654936
-0.0028031323292506
-0.0094847005909872
-0.0148075290285693
0.0108278948204731
-0.0020741447561159
-0.0139052361561280
0.0110196577846688
0.0135938114903942
0.0025351877604729
-0.0022850408912921
-0.0011838296572037
0.0067294701927628
-0.0074508666876422
0.0135722571676457
0.0144790161127484
0.0149197895229341
0.0066698237240361
-0.0098261802711303
0.0153601777859825
-0.0073303017291062
0.0001543097801219
-0.0155807304980810
0.0070028519781476
0.0023098374871633
0.0092462140507740
-0.0154871012868571
-0.0085433422757662
-0.0070920849692756
0.0049323282220831
0.0131264719669963
0.0116221532650704
-0.0007927202944610
0.0107858916640460
0.0057126894256041
0.0108711007060155
0.0154070680153879
-0.0068162875226624
-0.0135650541793639
0.0058890729684559
-0.0049012668311408
-0.0082175226497235
-0.0053748751165808
-0.0092017764991346
0.0104866016857825
0.0134488528546246
0.0032208338929120
-0.0087778383355318
0.0061628872716211
0.0076567864045545
-0.0077733719725833
-0.0027869207707313
0.0073568873250191
0.0061697486388118
-0.0075065710609194
-0.0029968922348162
-0.0011168638214891
-0.0151142872751325
0.0042417013367016
0.0106670005855147
-0.0066450260691195
0.0002040768473050
-0.0006573242024333
-0.0133577747273855
0.0002109443042688
0.0062869336311930
-0.0032667043089382
0.0018584352550645
-0.0077955895267031
0.0045467652576064
0.0049008582153488
-0.0005689406554001
0.0155878924485759
-0.0129710023217869
-0.0096025150618685
0.0021157233446869
-0.0053887968050326
-0.0109338989232099
0.0117364832623511
0.0106317502288417
0.0054869231556459
0.0109926706681347
-0.0087370280921132
0.0152631382876963
0.0093728084983061
0.0096764123233390
0.0074982973016930
0.0017987271378046
-0.0151450760360360
-0.0026342792013803
-0.0139846964981766
0.0097435835624732
0.0106692843330543
0.0072000164417138
-0.0147400233603222
-0.0147621976085898
-0.0147830470049517
0.0106953377733190
-0.0093486443686781
0.0039352778111424
0.0002093319450263
0.0030758203955747
0.0024362281672140
0.0001774722004832
-0.0010498265256032
0.0155771742139776
-0.0080757637375496
-0.0040349766554954
-0.0110942607277175
0.0141094494595902
0.0059841868763666
0.0045370345419567
-0.0153744733062692
-0.0105653571653925
0.0077556126309183
-0.0095994150944739
-0.0036441187965339
0.0135845947635840
0.0140894304765559
-0.0027524632798000
-0.0093778882494803
0.0110694647782895
-0.0124393002445837
-0.0031886421867205
-0.0057964332410497
-0.0135023875840778
-0.0039323504667782
0.0006710244465360
-0.0058682789790412
-0.0037303570649832
0.0128885331939466
-0.0072456158919539
0.0121973819981728
0.0074308641557044
-0.0145551040749453
0.0085782850300583
-0.0139800993833988
-0.0125915418891355
-0.0117870956898091
0.0040290320797731
0.0130939868172805
0.0066335309472201
-0.0002402475766346
0.0147322400744476
0.0119807058233441
-0.0123421822533100
0.0106259144865319
-0.0148360568754677
-0.0063268112582185
-0.0019355476702282
0.0123948188457067
-0.0089183421000453
-0.0008819661459268
-0.0126322682185413
0.0058580453941015
-0.0007562338702516
-0.0034092775297573
0.0133960813544892
0.0051501676650225
0.0000187203115245
0.0129039478341865
-0.0120345581602340
-0.0039659481753325
-0.0100177857962845
-0.0008057064368317
-0.0037672553918809
0.0092429892259226
0.0109539449955310
-0.0093888026053771
-0.0103238877261537
0.0137753493609118
-0.0149754158542770
0.0015515860843181
0.0021200695527577
-0.0098704102661371
-0.0136753951482636
0.0137268849661241
-0.0099515903436775
0.0118502777211182
-0.0013411472298448
-0.0029834628102298
-0.0081752353643018
-0.0130951781394208
0.0031029049473451
0.0035855026761871
-0.0081123411709327
-0.0071740859671085
-0.0038711067074437
0.0107380694930570
0.0067054228572311
0.0077481158537485
0.0081366132174511
-0.0151730342573401
-0.0057277327633362
-0.0057804184784427
0.0135606698349366
0.0054639727005461
0.0039318708213626
-0.0028088546402717
-0.0099386430253293
0.0083057683257261
0.0064345906349021
0.0142230252600909
0.0109355855063802
-0.0148647933447128
0.0107679406969047
-0.0102278622990291
0.0047568043349018
-0.0136195873098132
0.0122513526310117
-0.0082109010981385
-0.0066821463278656
0.0015586134757288
-0.0116390666577815
-0.0021161530940469
-0.0143280496483535
0.0110709545225369
0.0063557293643692
0.0102971077260245
-0.0148196029974969
-0.0127787601912570
0.0133355392651747
-0.0004973976632251
0.0134572707266953
-0.0023480696448992
-0.0007849089663499
0.0044790800182174
-0.0147054186420947
0.0149378132174871
0.0139526309689082
-0.0029783892837945
0.0078622841307218
0.0047815728936931
-0.0034868870661432
0.0102794202725463
-0.0093350338658259
0.0010570735534139
0.0049327507891800
-0.0038343109554596
-0.0084285665765815
-0.0015711611508719
-0.0020325178639789
0.0044820338797810
0.0151160605506186
0.0058776892024223
0.0015686366368903
-0.0020892156726015
0.0027102716297890
-0.0080026252831151
0.0050378698897177
0.0140113815598762
-0.0092974015496781
-0.0126305983816678
0.0141194258841987
-0.0016697648398375
0.0116204736192548
-0.0023928883460170
-0.0028122130520617
0.0105040177633027
-0.0104148956949367
0.0087616590520407
-0.0039289233106019
0.0108750920732676
0.0135736319196868
0.0102760599621377
0.0040857775581860
0.0047863163573809
-0.0153549363048460
0.0029163479571582
-0.0041680874205476
-0.0148590389596051
-0.0070884391369592
-0.0086821775271732
-0.0123941949129678
-0.0012869285096786
-0.0138919234342652
-0.0048681220543009
0.0112993636336597
0.0001615049216283
0.0138169074260536
0.0148031210240646
0.0009873225713120
0.0031471532735508
0.0064692456953521
-0.0132761953398737
-0.0013889606669337
-0.0007002483821355
0.0070985061165500
-0.0108939593578578
-0.0093131381646608
0.0133418100882819
0.0035622214161443
-0.0017535337353302
-0.0140843299089235
-0.0003533257841807
0.0111791660063550
0.0016707693542818
-0.0077846610276467
0.0055363505815366
0.0092909885695383
0.0100111639920495
0.0011234956413116
-0.0031584978098400
0.0073919882486107
-0.0055571253166511
-0.0118827978984880
-0.0042838458470736
-0.0127122983209817
-0.0060477633210614
-0.0049686788061946
0.0065510995971236
0.0054487942235018
-0.0009395771687626
0.0154717081640105
0.0051642123274526
-0.0147176434110024
-0.0101125885468737
0.0060915225911769
0.0047365367908903
-0.0062645214197961
0.0045143112121844
-0.0108082867962245
-0.0005786970297531
0.0119422526068791
-0.0123158763491043
-0.0031422021762234
-0.0113341838431954
-0.0138253529594056
-0.0144187201405052
-0.0114378544366419
-0.0064354709108673
0.0081851733524831
0.0115988731160516
0.0151671138182404
0.0080241428873676
-0.0079156004109564
-0.0024491762958686
0.0051045572853649
-0.0031833383720002
-0.0111576936796512
-0.0030817797658413
0.0067252943674783
-0.0154890215813635
0.0107289667315933
-0.0021557511390263
0.0084768664843175
-0.0147775219886321
-0.0071791025635189
0.0032422009077154
-0.0101565104930664
-0.0075781733397336
0.0022728582113553
-0.0101616233204668
-0.0055462798931541
-0.0096796444179468
-0.0092986264867258
0.0145631693905064
-0.0124080506806307
0.0142835087698039
0.0085447747949257
-0.0019712628857728
0.0046176353746185
0.0076024504396790
0.0027052746838253
-0.0105257151168941
-0.0155483617549351
0.0008163878457493
-0.0050039635492090
-0.0015313502933392
0.0117992871423382
-0.0038904652542978
-0.0015540615261293
-0.0077129245393693
0.0152862006603443
0.0008332229874037
0.0004972047381356
-0.0091689106934407
0.0137222145832316
-0.0130095297207775
0.0024880752377044
0.0077631331515041
-0.0042851157069319
-0.0002009495413448
0.0081038602883193
0.0071177390933617
-0.0111439199231684
0.0137521947003059
-0.0034801828165318
0.0100498006763512
-0.0037411376211242
-0.0064029951589102
-0.0007546179576505
0.0046818217229513
-0.0088115144608560
0.0054909137238238
-0.0001869211789985
0.0152773783466206
0.0056473195267301
0.0086640301180098
0.0082203137101839
0.0072558876095444
-0.0115025928713330
-0.0066904260201601
0.0133720323405435
-0.0027947633895081
0.0146001757356407
0.0043412551176239
0.0063788265344436
0.0080649057114942
0.0094310579346577
-0.0122696520759813
0.0033371317886935
0.0129852340092156
0.0027972834609814
0.0024879762743764
0.0091701597478209
-0.0096048847823823
0.0094444897629768
-0.0108823842870655
-0.0044285450794606
-0.0118167908976808
0.0102266370759526
0.0150418621390421
-0.0120216710673260
-0.0058704987045749
0.0095883494157122
0.0001252248932731
0.0103575025468082
0.0128773451300848
-0.0035619760403169
0.0149067364346792
-0.0091410151389901
0.0079630582368488
0.0132946556558046
-0.0088728538048963
-0.0019559620269744
-0.0040006706293615
0.0104689187601595
-0.0009665215788930
-0.0098179782135506
0.0062867534257587
0.0088597934817903
-0.0007319766245049
0.0059692867034347
0.0142705885734592
-0.0103260323943317
-0.0068308099369748
0.0082971237792660
-0.0135167694265929
0.0039405851899429
0.0150488166497978
0.0092889412595617
0.0069315356426160
-0.0150861415862288
-0.0041592028768357
0.0101988215027647
-0.0072206735753551
0.0121776900637038
-0.0103127837284447
0.0077531342117332
0.0071333882821198
0.0155311916787924
0.0077765491051186
0.0057605723942738
0.0052585156697167
-0.0122601977540700
0.0128957366622422
0.0020895299142879
-0.0139287349565010
0.0145225629518420
0.0072899602028140
-0.0046895398161295
-0.0136308304629961
-0.0155891789010128
-0.0018097460561829
-0.0040327518386295
0.0117691737925076
0.0082178674267025
-0.0091518642214246
-0.0039183848127605
0.0140991698900598
0.0075761266642668
-0.0120948503587769
-0.0018783019466843
-0.0154789487103990
0.0112169590980349
-0.0060955705648365
-0.0038217454443101
0.0053836474374336
0.0039380879242878
0.0098123823489807
0.0002290750937690
0.0117728528762789
-0.0118748491746918
0.0007466819884076
0.0084162606938442
0.0141676383966096
0.0011899655869675
-0.0133174254204533
-0.0100294549615118
-0.0060135739946657
-0.0097797671441407
0.0128984034065749
-0.0052024572012800
-0.0007744256151734
0.0152652776021005
-0.0000509305651547
0.0031764216598947
0.0131099318265287
0.0098520865100866
-0.0130720137793365
0.0103568475500189
-0.0116840479232795
-0.0040863720156469
0.0127995340424965
-0.0036888179990508
0.0142519291558004
0.0089191640025318
0.0084331266710982
0.0118171399579876
-0.0125998210282372
-0.0102194631203978
0.0003301943579082
0.0106336332116002
0.0025662622548896
-0.0140615257323983
-0.0024291036179178
0.0087778769774017
-0.0115577340756032
0.0128449653390817
0.0056442967722965
-0.0106269985953203
0.0130896749565949
-0.0099825267902369
-0.0038562906794731
-0.0132911022643518
-0.0070190726961454
0.0093775033388639
0.0020689542261821
0.0124777749690130
0.0041398902027874
0.0108412389317639
-0.0076401058657869
0.0063911450982217
-0.0087003454148508
0.0100278029497687
-0.0032103239596058
-0.0040796350656725
0.0084172553807368
0.0117331636517348
0.0065206055691214
-0.0021067165281400
0.0030642594060628
-0.0129307717126288
-0.0069895911530762
0.0108902554994480
-0.0032206755838565
0.0114942834263839
0.0080492073521286
0.0132207291870497
-0.0015173520496350
-0.0148621162459078
0.0143831392165465
0.0133038336525783
-0.0034646523358891
0.0137891059986347
-0.0069114389331434
0.0017821180844469
-0.0116856537959370
0.0057131181062223
-0.0101039422650525
0.0111667838600267
-0.0151563772719364
-0.0044056640438680
0.0027567747536322
-0.0010009891690503
0.0076765611224785
0.0134823124704542
0.0046112243008028
-0.0016865313292687
-0.0063436790911508
0.0007003457650663
0.0034164981350917
0.0097380903171047
-0.0053338055658210
0.0052619660621821
-0.0126998159422788
-0.0129861695986519
0.0096361192159811
-0.0115606202312398
-0.0153646940720482
0.0074087165199438
-0.0081409630716811
-0.0003778663162919
0.0082128213631004
0.0007501273421460
0.0008173648615071
0.0109411787312775
0.0125126278657642
-0.0019025869990043
-0.0135423907975467
-0.0145120878849836
-0.0080569343932414
-0.0085681274558109
0.0095855852110837
-0.0123332047935127
-0.0128234698110133
0.0080743414386525
-0.0144701795366343
0.0055451346565713
0.0071832210167820
0.0132656340968941
0.0146549237163609
-0.0003293161680700
-0.0073991446704562
-0.0122842321088694
-0.0108298432983781
0.0002484141262684
0.0053329450611455
0.0004870426108205
-0.0038313276537430
-0.0033493627898770
-0.0032586723658138
-0.0126281244142095
-0.0143843845925692
0.0020322021327093
-0.0010021534674651
0.0027578705819605
0.0062688122327725
-0.0032764762105567
0.0011483904280980
-0.0146038115587356
-0.0090287624486315
0.0001967281151080
0.0155835042714465
0.0043141123980359
0.0084919242224636
0.0047871687624181
-0.0079229964464815
-0.0146136853990596
0.0086227798855550
-0.0041857807406998
0.0059553908352509
0.0104518224410559
-0.0098178229939060
0.0041218114986660
-0.0119774910557363
-0.0059389124927086
-0.0076021762387492
0.0100057512964399
0.0118261660926895
-0.0046659855008724
-0.0116882084505808
-0.0116681512146604
-0.0061973896911692
0.0112493144922746
-0.0071529200896642
0.0081071516193242
0.0092382790918688
-0.0103938826169510
0.0135643506304037
0.0084648723860475
0.0018382738818574
-0.0069848482752774
-0.0021270970718155
0.0097262748860645
-0.0142864235058154
-0.0076276979704491
-0.0132232605759630
0.0138851372678626
-0.0154296538300051
0.0148712869033047
-0.0002428289583177
0.0097149111347094
0.0135182764297924
0.0123871564367507
-0.0143111752884596
0.0016415325251564
0.0028225438042927
-0.0004097864150926
0.0134493132759969
-0.0120738161747233
-0.0109036481299822
-0.0010344194156379
0.0055052233575811
0.0080163585163914
-0.0061277890957070
0.0080574467516433
0.0112486379872535
-0.0008728240025959
-0.0028498008739184
0.0003138567522861
-0.0009028002302098
0.0106273878961695
-0.0055190419687168
-0.0088838610420121
0.0047035524194334
-0.0092877362158122
-0.0119688422222689
-0.0125758949918940
0.0032611122846434
0.0121201649734947
-0.0084814593081535
0.0091541377596418
0.0104383783130128
-0.0097685873060233
0.0109994992115299
-0.0138165794433292
-0.0052969770003902
0.0122147111486734
-0.0066796479814221
0.0030879813798456
0.0087499100910374
-0.0029196822572123
0.0126871816097792
0.0114585831011343
-0.0045745450359679
0.0139851239576180
-0.0066178235449630
0.0048073903593177
0.0129276505463928
-0.0143174124114231
0.0019150507882156
0.0114004978584095
-0.0048169459457025
0.0086203433096705
-0.0021641735892448
-0.0038118433604835
0.0013225828681774
-0.0106557911529585
-0.0090436162374042
0.0080898761879233
-0.0153214882441944
0.0088121862757995
0.0094403791439867
0.0136111156229009
-0.0047219802161119
-0.0145009591274097
-0.0113660759451551
-0.0137409509197494
0.0062683623599488
-0.0041801462910524
0.0074452958976118
-0.0025063123231301
0.0098043630228639
0.0085938075496933
0.0059123854015540
-0.0051263593717069
0.0151087748113187
-0.0126306119621664
0.0053306869404946
0.0111249614565434
0.0028232257744754
0.0093561168687014
0.0025753971897579
-0.0007121745253387
0.0030587828367727
0.0133239333310514
0.0018094663165867
-0.0024267757316212
0.0155210322193939
-0.0018562452198954
-0.0033478972196783
-0.0150016662409580
0.0110425573389857
-0.0076446736669113
-0.0131774867536896
-0.0145283507232437
0.0066633664516541
0.0069335039343964
0.0011163704991778
0.0030736050867641
0.0081857716742819
-0.0015942614986421
0.0111219976658927
-0.0066111012818396
-0.0008614830104923
0.0096291156407843
0.0101450907123082
0.0106313654464251
-0.0061055678249621
-0.0150970023683509
-0.0060410337843598
-0.0077595429155417
0.0001706238160475
0.0147899448238672
-0.0067965841184107
0.0074408707412631
-0.0026175633361692
-0.0039595361864476
-0.0098445380642567
-0.0026462464173960
-0.0154107367549563
-0.0114968973743036
-0.0117252028236655
-0.0112525948058944
0.0137693599123783
-0.0051195820467022
-0.0096354194209218
-0.0148054750713045
-0.0138480031642089
0.0001619531869206
-0.0129116466962483
-0.0083580595332412
0.0082716453512842
0.0110367423134514
0.0083416570605290
-0.0142305517883198
-0.0044139692362917
0.0107772367369501
0.0022416529387212
-0.0036133051966492
0.0149994087565805
-0.0068029892400054
0.0073643180354663
-0.0105405823868300
0.0062632358336144
-0.0089736764475400
-0.0111911283788559
0.0088417327721741
-0.0086014893910799
-0.0085983648566576
0.0070596571166685
-0.0033460792003546
-0.0079124107470826
0.0024953429194496
0.0133640301545228
0.0128370973489721
-0.0045504810546914
0.0062453255539206
-0.0108437971780408
-0.0133452703087890
-0.0085261677649303
-0.0143507488351382
-0.0151994411829828
0.0019561984388472
-0.0041660631327337
-0.0034985216751590
0.0085781233898154
0.0062053351749811
0.0010008050584609
0.0036402341016848
-0.0051379963795038
0.0082393534256184
0.0131649502228219
0.0010864489431630
0.0018153802460097
-0.0093218850953526
0.0140742338032064
-0.0076943149036912
-0.0017952924071511
0.0006134967799562
0.0016684571418570
0.0010834289315534
-0.0010092320756012
0.0144506059162680
0.0114506602385085
0.0011317440209718
0.0003486027778295
-0.0046779828790236
-0.0147536443143476
-0.0023194041309908
0.0027137115394877
-0.0150464642697060
0.0025315137473468
0.0133423106762983
0.0050130447300768
-0.0121057876527160
-0.0139571187513565
-0.0068314787318516
-0.0143249990014392
0.0009491310524981
-0.0150775945784179
0.0005536047610532
-0.0112764203347787
0.0101270118380121
-0.0151578530799560
0.0146767225803448
0.0019571904488665
-0.0098898101944606
-0.0032569949155064
-0.0097752034791259
0.0087280931816548
-0.0032710317677242
-0.0051461394995035
-0.0132436930938341
0.0077074175299077
0.0085609423635668
0.0089946252389137
-0.0011451347121214
0.0065787371654623
-0.0123101139233101
0.0075490459653058
0.0072925124692211
0.0014371659890950
0.0032621583601042
-0.0002836817951740
-0.0024022407888524
-0.0137048776905985
-0.0014027015379548
-0.0028024595432950
0.0051755191229655
-0.0013337836334972
-0.0002247261599760
0.0094984556177110
0.0123879410924000
0.0103610041945567
0.0077192037852478
0.0044914587499591
0.0084228603951060
0.0120186030527905
-0.0034344236534599
0.0098807110618834
-0.0105019998377836
-0.0058946923047702
0.0027163576743850
-0.0017767022780460
-0.0084779980111404
0.0032256432948704
0.0067773671134593
-0.0117571779247265
0.0150795044499434
-0.0082424886138633
0.0034882450395285
-0.0080606515383742
0.0015261044548341
-0.0080207910229769
0.0094037536556177
-0.0125705487681642
0.0097648858405573
0.0147731541482786
0.0141173439015204
0.0146564106928109
-0.0127644105460845
-0.0136152946356757
-0.0015127478367585
0.0095905887774172
-0.0034739145359322
-0.0115948062962683
-0.0063919533831252
0.0020461767861694
0.0150838912806128
0.0046172015029268
0.0022015972029664
-0.0046421596410176
-0.0133495183975603
0.0132683684635644
-0.0109333261731177
0.0101339312652568
-0.0066924801527339
-0.0080873208502855
-0.0135021475815512
-0.0079742964659465
0.0048570974844838
0.0127558110300061
0.0052374238087024
0.0049916952890341
0.0057409328464025
0.0004488108370689
0.0061444345526411
0.0051244050412007
-0.0056106973704640
-0.0127336926841915
-0.0007787068735216
0.0068908122054541
0.0133838349925564
-0.0072657817304476
0.0111649395165398
0.0073214727258454
0.0138675852499832
0.0053234812432802
0.0042701869437000
-0.0049606190878202
0.0050906454152994
0.0051562119729193
-0.0112299605005716
0.0065678051240211
-0.0036760006706749
-0.0016184515590211
0.0141157845962487
-0.0099719712831602
0.0064320957376106
-0.0090298276622058
0.0109104862704223
-0.0083816751824182
-0.0047363801949351
0.0005162172691549
-0.0101346529417208
0.0093862304668206
-0.0145676845550064
0.0123360029857484
0.0048329062997203
0.0033717803397613
-0.0116701425933528
0.0059575313153679
0.0003264752086166
-0.0139673930415755
0.0096705593888182
0.0127299695764644
-0.0106690727675180
0.0097649726618423
0.0018720935240018
0.0127902594681838
0.0080537312329905
-0.0033786076638578
0.0149832005909737
0.0103544749781876
0.0000244355965106
-0.0047719116253107
0.0108486912560651
-0.0069398055952177
-0.0039763475580138
0.0111027189036272
-0.0082601983869686
0.0081514675997502
-0.0111847528632905
0.0007398940275422
-0.0049484900340595
-0.0097852847982881
-0.0036618178080088
-0.0122452006590359
-0.0093643201905505
0.0064507000863545
-0.0079744713474609
0.0074680972581588
0.0002640766166143
0.0064107186945411
0.0067433998435098
0.0033028790105461
0.0058446433527146
0.0151218106504769
-0.0136513648524256
-0.0075591925022684
0.0118073232349316
0.0107249032540009
0.0057444891241093
-0.0021231965823241
-0.0075207671269154
0.0083390683796797
-0.0149003276708838
0.0131431683134828
-0.0052009243331524
0.0132990163145381
0.0051392047342991
0.0055128497419305
0.0056821755775148
-0.0041224728435604
0.0053501629726163
0.0084747572571203
-0.0079983528068425
0.0047513520446573
-0.0123398498112597
-0.0153579620337129
-0.0048059659818678
-0.0062410456022386
-0.0015968203529180
0.0136055135353146
0.0081569729883114
-0.0124155348034463
-0.0081711698930065
-0.0034678343718301
-0.0102117237875777
0.0053669563569239
0.0086490040311176
0.0007288528158364
0.0143469158381817
-0.0098937446204886
-0.0068191675684960
-0.0066435412674742
-0.0035820962469410
-0.0078079476082370
-0.0012204619935106
-0.0105930901679902
0.0135225675134790
0.0004648749406892
0.0006922927682735
0.0104615572448667
0.0087775436528911
-0.0141141153241530
0.0128892377425907
0.0022953819068645
-0.0079436570518961
-0.0012388047015060
0.0063615418666243
0.0151265601477567
-0.0034939627717072
0.0059704050023884
0.0089483350480500
0.0121532275181654
0.0009746245354041
0.0125942999303807
0.0019260297808463
-0.0150579354751941
0.0083451664657058
-0.0095628994321672
-0.0086082048632120
-0.0064155906151511
-0.0132450427938644
0.0080783634484411
0.0010640213879440
0.0137630051950441
0.0068586772426727
-0.0120592027138890
0.0149577184884173
0.0054566868108130
-0.0094483650975165
-0.0033340061194124
-0.0002120199157255
-0.0114654288297299
-0.0062629364623604
-0.0008521741082893
0.0065628657333399
-0.0018722408983801
-0.0085885742352124
-0.0015647170264302
-0.0066505537594090
0.0083285769455031
-0.0117676396561391
0.0142249418697578
-0.0087291861746499
-0.0090619244273314
0.0013060116801790
0.0026838831719344
-0.0074953269093475
-0.0136206070898601
-0.0155250297006055
-0.0089069952732491
-0.0050613920173318
0.0125782596960064
-0.0120687082265515
-0.0147947704240277
-0.0140281550181805
-0.0054818006729858
-0.0150356020689827
0.0111467152421863
-0.0085704081093975
-0.0109599960544604
-0.0097377412219022
0.0155332510615158
-0.0018785458660393
0.0031176833910860
-0.0092126996157793
0.0028120269213603
0.0024288659897727
0.0084880174626381
-0.0033163613207517
0.0124130771421924
-0.0088525763721872
0.0046445591151435
-0.0070911222575592
0.0032833732273038
-0.0079963076612885
-0.0125457029125475
0.0073100097017022
0.0100296199595513
-0.0144537444119918
0.0078275245027359
-0.0003396609967980
-0.0090007787155608
0.0005950500407683
0.0125602139973953
0.0131816998491860
0.0100956502929803
-0.0117149891479077
0.0151776183767098
-0.0016689402436191
0.0061537678627353
0.0011764077301100
-0.0119284018827586
-0.0045183982567086
0.0025643968338373
0.0103565508422315
0.0003028217645206
0.0106125327090944
0.0150886328071782
-0.0070842467689736
0.0027795148736325
0.0100847520451930
0.0084810505764293
-0.0036910817409581
0.0098457129111097
0.0081709246756125
0.0054136500556785
-0.0058197665172809
0.0119727430293924
-0.0025926281726305
-0.0037942811499859
0.0096811351317612
0.0096900944140992
0.0014043811437132
0.0149598997998245
-0.0100330071622738
0.0155711235829511
0.0118670117691519
-0.0076391975898904
-0.0086280583745504
-0.0052942406492919
0.0003168963825809
0.0148352177896940
-0.0132990696226873
-0.0007147546144980
-0.0075181452413554
0.0043911010559792
0.0048610689777863
-0.0008755729541548
-0.0066346867095910
-0.0009361557393052
0.0103353716344979
-0.0004992589804205
0.0077283415026151
-0.0130990056843565
0.0139248906334669
0.0039863318207588
-0.0131661281121391
0.0139813055208227
0.0114383787245608
0.0127626538082389
0.0003180510266434
0.0046505551398225
-0.0127741004087034
0.0033609310716758
0.0064232566386871
-0.0108721408079503
-0.0021733020209427
-0.0061102204616412
0.0035339568008836
0.0041826136151914
0.0121953762184869
-0.0095293379538626
-0.0059513332768562
-0.0038991268347165
0.0078555159376177
-0.0003197776894331
0.0121713406891244
-0.0123529416242901
-0.0111981487013232
-0.0009138258583454
0.0112176144759621
0.0002130599226971
-0.0074273886006683
-0.0141459994465462
-0.0069439387641146
0.0154267290674627
0.0146807795430927
-0.0079334706292970
-0.0110246466412181
-0.0096291661718923
-0.0004467857269807
0.0060517166121103
0.0112547483513533
-0.0109069326765614
0.0012434585936418
0.0125480374258571
0.0014950385964030
-0.0049475426274212
-0.0051236051675522
0.0126375267895114
-0.0144068115520047
-0.0104747407472333
-0.0145762258037778
0.0083239149142444
0.0065125511910183
0.0012211038174304
0.0122410023201602
0.0140422206507921
0.0138482989819003
-0.0101367191022693
0.0115924398922519
-0.0097508576834755
-0.0013808643459206
0.0153970292884768
-0.0114237899552526
-0.0043669813417281
-0.0113994396301981
0.0127013838336900
-0.0113717759089252
0.0008893340183756
0.0027665596112973
-0.0073708246714695
0.0089566613566900
0.0105992786782491
0.0026977274109260
-0.0006412357872240
-0.0022191234717520
0.0060019376754194
-0.0040151226650213
0.0079752580883409
0.0093220337091970
0.0100418895115277
0.0021414671416697
-0.0059760613713794
-0.0023455785823573
-0.0031337562125630
-0.0045234968061357
0.0113216138012094
-0.0095971492592357
0.0144145221768353
0.0117994990301842
0.0026872850324553
0.0006111079501597
0.0002528763929154
0.0099561080172985
0.0130964007873083
-0.0092524602491426
-0.0146657674390495
0.0029218084158988
0.0129159886502280
0.0001283982698547
-0.0001525279124453
0.0085420036073973
0.0092727962286257
-0.0024171162551797
0.0078862264498586
0.0037832320402227
-0.0112880978419753
0.0123711662285650
0.0153070435478025
0.0101970340428450
-0.0025201151782280
-0.0032128413232332
-0.0140116706381258
-0.0052717389048293
-0.0084689584277245
0.0113412069104277
-0.0051706573835248
-0.0016885576498203
-0.0009995512028594
0.0024017092926057
0.0000112726405148
-0.0074112133323235
-0.0042626005625754
-0.0031709771570265
0.0096671143360201
-0.0133037456531918
0.0123499036289005
-0.0062223059037645
-0.0093168230066482
0.0148600440442950
-0.0098395459191827
0.0139738470823448
-0.0024243232976916
-0.0080898968728418
-0.0100293360871211
-0.0008013994723082
0.0110328537575876
-0.0038355109055190
0.0132866680172699
0.0032065244764859
0.0121303744825826
-0.0052995385638019
0.0034881517557205
-0.0149137860837769
0.0021978359654085
-0.0025527772952358
-0.0034776359707400
0.0016698164459584
0.0077314059097738
-0.0156073559865072
0.0143342084856288
-0.0005411086832078
-0.0102092563866820
-0.0082542921450852
-0.0038275523159242
0.0063926020766368
-0.0063728802192624
0.0137773121063756
0.0132061612238372
0.0101187344531223
0.0093368779337478
-0.0116956522920081
-0.0108834934181934
-0.0064964088436981
-0.0025870854004742
0.0135690956385881
-0.0021000603784925
0.0028072225711106
0.0023634373454486
-0.0015097995155037
-0.0140633034173174
-0.0015708265773196
-0.0115416952160710
-0.0012182977044193
0.0123110665595360
-0.0115783871351341
0.0060241213383211
-0.0050661392294693
-0.0091707888543972
0.0139448653713776
-0.0051038533882926
-0.0117205874467837
-0.0014819908233557
0.0084850663094470
-0.0004207898010077
-0.0140370520619309
-0.0052610623186465
-0.0097246014405471
0.0087687951911878
-0.0090896122432574
0.0047912374631565
0.0011472485689009
0.0140988859310875
0.0019008470828223
0.0066210184128033
0.0143325855492843
-0.0131146880550049
-0.0038279467322900
-0.0048665848010062
0.0064365459965342
-0.0069172182114366
0.0063479675177026
0.0032316637500522
0.0016477507336704
-0.0106382922674314
0.0155665729547381
0.0002358399504859
0.0016450900052526
0.0094297497938918
0.0110575708452050
0.0021198655765716
-0.0055504220052633
0.0123618294887992
0.0081275577390948
0.0150544337024818
0.0104334648855045
-0.0124687684921955
0.0082727395985913
0.0090528603597797
0.0063983940612562
-0.0036723670122280
0.0145081258416191
-0.0090777430927025
0.0111444231366411
-0.0007279694566906
0.0125617151876847
0.0000811293809569
-0.0043410695073757
-0.0104509346814249
0.0152998990988640
0.0019476366713399
0.0039674068178167
0.0046047285203395
-0.0093277714490950
0.0002206311752275
-0.0129408451240890
-0.0105507914361449
-0.0065320333367157
-0.0043609779805650
-0.0077127925480239
-0.0121695377241558
-0.0113890703927000
0.0045316976769119
0.0062140408576000
0.0009162228818961
-0.0098624766026481
-0.0120344486493337
-0.0110106513513435
-0.0027505172667257
-0.0147337653288154
-0.0120582172584296
-0.0006195961789565
0.0048683494749799
-0.0076503985418444
-0.0058533662073363
0.0138000137788422
-0.0033586805066144
-0.0078502870587720
0.0145818334603806
0.0095077325574113
0.0024541550727609
0.0028334349435139
-0.0007665928916828
-0.0090219557912716
0.0091036563324032
-0.0124551806957002
-0.0090466625733216
0.0056589821704487
0.0024780471782310
0.0005583886163091
-0.0110419956562860
-0.0096552537102686
0.0005286271226602
0.0145544884035162
0.0035241060211977
0.0106126386481315
0.0151801980943708
-0.0109753246576967
-0.0078842559796465
-0.0097928636483404
0.0155417644650046
0.0016670912847632
0.0153579509851495
0.0035549823471031
-0.0125928521669168
0.0120881892200269
0.0156274741509051
0.0042507170049305
-0.0052963784763964
-0.0063130046917802
-0.0039376031943652
-0.0026755850015021
0.0012236496468126
-0.0108353381196723
-0.0039865620914264
0.0143643804950850
0.0030336833350859
0.0078528615240277
0.0078791610835034
-0.0027582726245037
0.0002928694532333
0.0095872236369573
-0.0043375560636985
-0.0099391064075088
-0.0066004187238121
-0.0019971098755463
0.0024715147320940
0.0057127153955890
-0.0125995337813247
0.0118193391161318
-0.0044741500088112
0.0152913151803131
0.0107825774161077
-0.0061596110669817
-0.0051688688482852
0.0071037104421059
0.0037176147078565
0.0005950230470795
0.0082470637015273
-0.0021044955293418
-0.0042755621439921
0.0123272996840157
-0.0082712239975220
-0.0032411740198881
-0.0112355339893220
0.0043387789607564
-0.0068522855538016
-0.0152596124309372
-0.0034418058820078
-0.0103804284487508
-0.0027844558151170
0.0099608970983669
-0.0026565283673683
-0.0101268325541459
0.0067888358684252
-0.0028982549924505
-0.0125917163952026
0.0134835739544643
-0.0083496987690468
-0.0050861334784316
-0.0130162986120235
0.0097959393401767
-0.0117329882456133
0.0064009307043885
0.0100207415591455
0.0052591236055999
0.0021785019297004
-0.0065629231040948
-0.0058374620002685
0.0009734110646503
-0.0144587386199386
-0.0035205292944258
-0.0093803024520486
-0.0009743889697690
0.0078349895438454
-0.0026675530863072
0.0034399314390639
0.0027622514599982
-0.0032663419988610
0.0113112670796958
-0.0121028119680528
-0.0080076312663909
0.0037513990788447
-0.0046505846116245
0.0154990658162209
-0.0013631342654270
0.0066393956931804
0.0120906706051487
-0.0020705405082183
0.0130136195998509
-0.0074131252442027
-0.0015990931778732
-0.0091492212268284
0.0143141262831728
0.0110404639335289
-0.0030144511918312
0.0014695933612139
-0.0110542293637455
0.0116761842584470
0.0064871958923788
0.0026814373453901
-0.0072415876168047
-0.0155084034271218
-0.0015785439932585
0.0069300637651993
-0.0040657324323676
-0.0094898212256598
0.0094094472481644
-0.0007624887605610
-0.0035954636397646
0.0008754605789700
0.0116323445759390
0.0054898148667210
0.0038614732037156
-0.0058168419735943
0.0067086678676558
0.0122353586761631
-0.0133394103305176
-0.0082943109963745
-0.0073412125094379
-0.0058888990124155
-0.0132194844750499
0.0053529442344785
-0.0005621391550280
0.0078693356343825
-0.0000931134688329
0.0076932619041949
0.0075928035906554
0.0030992196515009
-0.0042444940105914
0.0153478216274027
-0.0011808416943283
-0.0022131902869060
0.0019454353711678
0.0084262059473779
0.0155916263351223
0.0147020346325065
-0.0106628503526794
0.0058140519553884
0.0127875121539789
0.0119051842925283
0.0062478262547939
-0.0134270754918133
0.0025797074463226
-0.0034827980059476
-0.0067118410300667
-0.0043779469016172
-0.0083783630800500
0.0100416276011212
-0.0082119481310061
0.0107351538424403
0.0132401214065845
-0.0115961821654022
-0.0004891020911601
0.0035466884793734
0.0050330433324681
0.0029811126636482
0.0136604475908283
-0.0050613769369887
-0.0017961647808904
-0.0125315345342917
-0.0008126042831927
0.0044236574203353
-0.0084414144677839
0.0137096528658450
-0.0139673100045541
0.0029164008970252
-0.0074861956475218
0.0113130994112396
0.0095726740817618
-0.0092097611902724
0.0094281362251328
0.0088981394474819
0.0093244261492682
-0.0046411843415661
0.0026933273404432
0.0089620542811451
-0.0154999233520243
0.0061796511771336
0.0019901365161121
0.0100598613208622
0.0024813660377484
0.0042260731212621
0.0069599121988493
0.0040520122984636
-0.0009376740827513
-0.0052017396167494
-0.0125449067751393
0.0129398923739174
0.0002357612320137
0.0155855222810868
0.0066905975041592
-0.0061541510425174
-0.0122466708892066
0.0072442754197776
-0.0142823869406030
-0.0114850422767736
-0.0069652278904433
0.0062506316640053
-0.0039173350039675
0.0075000807229889
0.0122756564499022
-0.0046086891583752
-0.0040000018152678
-0.0043850488204210
0.0116272621404066
-0.0142082334408402
0.0013867198956705
0.0010734187522680
0.0122319528064385
-0.0108175770813005
-0.0011506213432215
-0.0080465614618878
0.0009157419483922
0.0153582955439914
0.0152707403963141
-0.0004343424893192
-0.0073856561325965
-0.0135136077397067
-0.0021899072385942
0.0070909124748221
0.0040596331111158
0.0125812759074365
0.0051471110744908
-0.0124670894641415
0.0020439348881405
0.0134731945158424
-0.0061989614192989
0.0021163219612905
-0.0155357330332563
-0.0056151156898188
-0.0037443963208347
-0.0097304702806814
0.0053538921524332
-0.0132714280103194
-0.0002407934985771
-0.0020905768975654
-0.0081429719168220
-0.0140252382351503
0.0137115825414434
0.0085424771986463
0.0007373797133517
0.0129079364588056
0.0092048726172516
-0.0021158362076051
-0.0036557273260877
0.0123653514753405
-0.0084473069938190
0.0152765444647926
0.0068227577695231
-0.0067892859449855
-0.0137213578248382
-0.0068323710358236
0.0027447811272983
-0.0089299896316169
-0.0017744547263269
0.0072102472283640
0.0132547070450112
-0.0085183079402878
0.0090675214245547
-0.0083938729018454
-0.0127951505597174
0.0086404318217730
0.0127662791910933
-0.0142809764323207
0.0147836634960645
0.0023832004950971
-0.0124754469538694
-0.0133808296574491
-0.0002324387388289
0.0097310749737538
-0.0008314665361163
-0.0123906420523862
0.0144616110556994
-0.0073715961893264
-0.0091081256009201
0.0039426673946218
-0.0019773956833682
0.0142840820473074
-0.0091228386559114
0.0135535730659375
-0.0004211957266690
0.0133490056834729
-0.0081166147278759
0.0119717149482049
0.0152798730283101
-0.0148464686053665
-0.0053635677676902
-0.0128172496541718
0.0096901170973899
0.0134732697353812
-0.0045618214146512
0.0057926862995800
0.0149974037518780
0.0134827029944397
0.0004878706559355
-0.0153786679049172
-0.0060245514980635
0.0001473894880546
-0.0149596002562398
0.0143757413435283
-0.0142626821039253
0.0046584242810420
-0.0111107146522246
-0.0047224893268709
0.0156288056705520
-0.0010272624154330
-0.0091249756975227
-0.0028038185307168
-0.0019146253975794
0.0000329335229054
0.0028502613703464
0.0147961719181679
0.0089333941356740
-0.0059403142359586
0.0008629513868959
0.0145647248642120
0.0117539098841692
-0.0152089774541135
0.0152528722225682
-0.0094718018398979
0.0080463157976026
0.0076534198629404
0.0066978815487441
0.0013216828690520
-0.0048900202667713
-0.0030491021507608
-0.0040902939993884
-0.0025345893110211
-0.0047765430321215
-0.0044693373563223
0.0074243618979434
-0.0019094318740877
-0.0055796743304744
-0.0045661930544303
0.0041755584819591
-0.0121392426034334
0.0096295817148585
0.0110307608623573
-0.0032772913176600
0.0075835706128983
0.0116833617567837
-0.0083655968114753
0.0114965072343973
-0.0115564294297547
-0.0069087992620355
0.0143298277159235
-0.0128697265632873
-0.0015222802081833
0.0030150945961864
0.0092634984766977
0.0103835569146436
0.0050934988726141
-0.0055338150933460
0.0142960231869120
0.0071394325727076
0.0039768516743600
-0.0091396149732035
0.0083187222026854
-0.0012328636833479
-0.0137123540384714
0.0155123799539780
-0.0126223616513644
0.0025574342277538
-0.0142778558460629
0.0045685215009500
-0.0046656801321346
0.0082154966159294
-0.0020288826700455
-0.0008049067791555
-0.0000265901593519
0.0143125988374577
-0.0010168094315063
0.0140906176456843
-0.0100352405829566
-0.0100700870867473
-0.0110281864656387
0.0037586528909479
-0.0114420308186324
-0.0084559074166960
-0.0026284564072582
0.0112273957040177
-0.0094957232974449
0.0034739266478077
-0.0104189889968142
0.0006364888068102
-0.0124244614482257
0.0044228167507723
-0.0023109834075686
0.0141244721731506
0.0026572041200947
-0.0121678922014422
0.0045813614305472
-0.0156185373992221
0.0091483713739327
0.0105718739881944
-0.0042788680495649
-0.0044961430842052
0.0136859664082429
-0.0062975779373633
0.0002520158587835
-0.0125305513602103
0.0087661080174115
-0.0117243479249543
0.0034405011654692
-0.0095927187599896
0.0015604074368432
-0.0029629775892060
0.0073896128417069
-0.0008967215709798
0.0048992397793646
-0.0007048227847302
0.0009060625419189
-0.0146039390420396
-0.0094270692670750
0.0084605390005190
-0.0151985022607562
0.0147467089867485
0.0060270261364194
-0.0058757723374476
-0.0134316870648189
0.0108429769578160
-0.0096296484305539
-0.0013880411114172
-0.0010762181505997
0.0018270240792838
-0.0044104093051540
-0.0138154600234700
-0.0011393449731504
-0.0075481704072307
-0.0076488238233635
0.0005575808189437
0.0001569825574283
0.0029479664983548
-0.0105771819380924
-0.0076774978570325
0.0155407440546009
-0.0084087367326843
-0.0024712511131429
-0.0096014543599339
-0.0148296153817782
-0.0073807293639468
0.0070036491296374
-0.0130562526196927
0.0118004853843260
-0.0103950272197564
0.0131438282925816
-0.0154727084453064
-0.0120411113182508
0.0113669010195306
-0.0101348518849449
0.0155721119421679
-0.0113879867424143
-0.0049145949593961
-0.0062406994433551
0.0054325312861281
-0.0139821026292196
-0.0009081798276110
-0.0144249591762012
-0.0066219281056061
-0.0055041012201118
-0.0122497480077105
0.0127334885189224
-0.0008586177236537
0.0063351387843998
-0.0079362252607567
0.0144235379985189
0.0064668482283908
0.0057294928192831
0.0060118525052595
-0.0052940055147383
0.0040153402708527
-0.0130728111004796
0.0074660026408282
-0.0143198572993078
0.0047344331387630
-0.0121570826086223
0.0046123230741905
0.0048994121253165
0.0039821878784828
0.0049074082916261
-0.0109128394635286
-0.0015290516346932
-0.0135435015093498
-0.0054073530790295
0.0094337415095611
0.0141023309795806
-0.0031333963668021
-0.0009596741161360
0.0067964198525236
0.0081440223617542
0.0034414694820641
-0.0149958972716455
0.0131055275742867
-0.0049533780674865
0.0070130640561591
-0.0021660024374877
-0.0000106530076257
-0.0030391843118162
0.0059611568044488
-0.0100513261027390
0.0044775382471274
-0.0037576409281909
-0.0051448441734433
-0.0069974571687034
0.0000157020921392
0.0088425256992930
0.0122231326977996
0.0064175479250520
-0.0129205179239997
-0.0022363264319091
-0.0134837663612306
-0.0046417067566321
0.0112372906270885
-0.0105970102688780
0.0057168209936183
0.0102853634452158
0.0149597104390798
-0.0071412314030822
-0.0133287625675192
0.0062790952078713
0.0118059098877064
-0.0034398668141711
-0.0053439684430915
0.0064360521184784
-0.0139080198849973
-0.0000775373867819
-0.0139485472710608
-0.0055588039566399
-0.0036963651432197
0.0109899114483465
0.0073678687701958
0.0153798063986450
0.0099490786309591
0.0151608884015574
0.0052610284550956
-0.0130236904142451
-0.0131558880428732
-0.0146993821148953
0.0083206706597584
-0.0117341045299078
0.0135142014225044
0.0137847768653461
-0.0112627479243019
-0.0076700425341128
-0.0135613181449206
-0.0111651371564075
-0.0093097777821671
0.0148303761468683
0.0002557235963648
0.0126431170630650
0.0102890261891591
0.0111009451060804
0.0025075658281261
0.0058680216649797
-0.0061678561791299
-0.0008068758512712
-0.0076298930480474
0.0089431205727443
-0.0141715545543886
0.0050327529010934
0.0058849119988834
0.0084494842568551
-0.0113965326886886
0.0153536282843415
0.0033906027221458
0.0120863682216450
0.0111187160859878
-0.0118687484495132
0.0079920435440981
0.0090487225941444
-0.0024756554924871
-0.0105344372035086
0.0035429427633056
0.0129152184796121
-0.0084544891059838
-0.0106400863091235
-0.0070328824031509
0.0061255189697148
0.0009371539102191
-0.0019614275498445
-0.0040667844163248
-0.0153443098713574
-0.0058913000786884
0.0081306195869044
0.0085536431212801
0.0056606620353122
0.0004426707781168
0.0132135893943647
0.0132388805402015
0.0023676992959180
0.0057905538639412
-0.0087277364294165
0.0092473009521441
-0.0048013300424813
0.0150385097115673
-0.0060587932147290
-0.0067285780336229
0.0026198429473840
0.0109798478311800
-0.0006121755571129
-0.0154533596139106
-0.0034507923593347
-0.0061670961963546
0.0102073513144937
0.0130406329762592
-0.0129498840637833
-0.0144237349259563
-0.0024490518655822
0.0074761168089251
-0.0009081252260256
-0.0102421067359905
0.0009292287634154
0.0027191670285067
0.0137641758991808
0.0014938913239222
-0.0028942716347560
-0.0074907834167024
-0.0082360683063129
-0.0137872892651522
0.0140693398430693
0.0113915312663600
0.0006899974472305
-0.0121246088205742
-0.0044491185728461
0.0110360540270264
0.0000256532374250
0.0108502973956541
-0.0104746609127134
-0.0119880566942262
-0.0127974259698573
-0.0028544187200620
0.0093096989052705
-0.0020918064490716
-0.0016422010871119
0.0151406775700658
-0.0001696355803019
-0.0096023600496760
0.0058559860174017
0.0055807710530843
0.0055611546378473
0.0126013999683592
0.0047973941232164
-0.0061620380315040
-0.0065351732397610
0.0010978301025021
0.0137763664278888
-0.0058151387350133
0.0114670229060120
-0.0042609482566207
0.0102469710942236
0.0069270074213778
-0.0095411486231797
-0.0055247062705596
0.0088637550199772
-0.0016804405571207
0.0089164894656613
-0.0068550316756057
0.0039552266003853
-0.0091987989775405
-0.0059595520535957
-0.0060318306296810
0.0007221290126739
0.0097478850715354
-0.0016952432291101
-0.0000705821137757
-0.0094855021459471
0.0126304513835243
0.0024798378592836
-0.0002256006880819
0.0070456947316715
0.0106387903039557
0.0141213336458107
0.0033352756404823
-0.0009820232970700
-0.0026818880795978
0.0057552035680088
-0.0050150426747117
-0.0004064971490015
0.0067712526403834
-0.0055274166766408
-0.0051324808915518
0.0042127011692730
-0.0052703206783932
0.0022853137702795
-0.0139363561853791
0.0020753111747592
-0.0092693093807665
-0.0023503616557472
-0.0085446627304363
-0.0127725600501035
-0.0090139814956957
0.0074001136637074
0.0136564803605234
0.0130633735097142
0.0019529194631777
0.0003877159114306
0.0070967004196697
0.0033168421820590
-0.0147304145476616
0.0004763224688608
0.0079498965468308
-0.0075487550862087
0.0074097358420156
0.0128699362465936
-0.0039119515160264
0.0037072011761307
-0.0110848115183079
-0.0140619050325428
0.0064635037532912
-0.0132696618363581
0.0118350198570681
-0.0102062856528111
0.0021721445159049
0.0072475090545013
-0.0120753798412209
-0.0135990906228572
-0.0112314180716558
0.0139513929430605
-0.0141045020306799
0.0123434495553745
-0.0154456016384242
-0.0139049196722735
0.0096638633503862
-0.0063228445186519
-0.0050923979760120
-0.0057322677054334
0.0098775586454605
0.0004814339455876
-0.0041812279932445
-0.0009141333210247
0.0016654579060907
-0.0126724745553542
-0.0111223454763280
-0.0111737284606072
0.0031848479365463
0.0073410671942319
0.0128274213590394
-0.0132021751626129
0.0007524014673341
0.0111985246794966
-0.0016927362461477
0.0014998165591664
0.0120130630581607
-0.0007612210193331
-0.0078125459057156
0.0150254957254852
-0.0082061658024650
0.0012063343017050
0.0099874338986036
0.0067458851709425
-0.0071194121057638
0.0060776373588825
0.0016688666747889
0.0091719926304268
0.0064023192943765
0.0091350287628044
-0.0119419957084910
0.0102893088923602
-0.0081615195455937
0.0152747680616771
0.0086162198146424
0.0062386542069352
-0.0145251458281441
-0.0038663979473771
-0.0046457584583047
-0.0151042588057615
0.0048529109627461
0.0074889687089416
0.0048818819050358
-0.0041525782765068
-0.0122779900156539
-0.0104323501538246
-0.0031280107579776
-0.0052588589941749
-0.0147775023317455
-0.0126374841352634
0.0029086034016739
0.0051457581698794
-0.0030163653598027
-0.0141018191337232
-0.0018961728546534
-0.0132542503209214
0.0081981262551962
-0.0148500769662060
0.0066981712964718
0.0127764216559234
-0.0092048536862199
-0.0116815109067600
0.0123295557109885
0.0075836100284864
-0.0058485306254850
-0.0105192645319492
-0.0045401251550186
-0.0097701229148343
0.0122389365116128
-0.0085763900806681
-0.0010004101294567
0.0139418682776779
-0.0028456075652591
0.0031604424502982
-0.0036446602896948
0.0024785056442584
-0.0038616712032551
-0.0100898496933745
-0.0121927599318620
0.0014313896217687
-0.0012877105996867
0.0016648456392093
-0.0079190013598913
-0.0024033116060155
0.0098157152571162
0.0134671287293854
0.0145481309920211
0.0036510512234685
0.0009845411578290
-0.0134165904289384
0.0026827806987140
0.0068239485991514
-0.0022119620395118
-0.0106564323772037
0.0117110099103851
0.0022779577776933
-0.0060333721208396
-0.0111702411183041
-0.0049378051065081
0.0018493183209189
-0.0066843607673511
0.0072257702917354
0.0003126464025372
-0.0056474893035298
0.0132487606959657
-0.0062081245903229
0.0068034483852836
-0.0015540895994740
-0.0002424006195329
-0.0107270295249915
0.0135288953136521
0.0111725552919928
0.0143793900150056
0.0040280744948045
0.0099252494584029
0.0013026816962977
0.0088969906691009
0.0088555945114448
0.0090089571572220
0.0147166118487215
0.0007753382482252
-0.0077480007606122
-0.0145236595158736
-0.0030467174273425
0.0053087661818691
0.0075964166622572
0.0110571155679252
0.0132887447490063
0.0068082792231628
-0.0066497792687024
0.0132050893650918
-0.0074371554896606
-0.0131624874693856
-0.0130100668943485
0.0122752254138753
-0.0053985139159953
0.0125704934685663
0.0098401284819955
-0.0115400388839485
0.0098225655752903
-0.0149826045467594
-0.0096705332255291
0.0023684749317049
0.0034722539576148
0.0115087076911727
0.0141504014951571
-0.0143127291311808
0.0095233633975523
0.0097221322748488
0.0099128865668582
0.0002798298870580
-0.0112362884154083
0.0154118382473090
-0.0120308330597862
0.0078316511472074
-0.0142312944451943
0.0128735893376363
0.0007327881002635
0.0027123286470272
-0.0119607994484126
0.0155959887589091
-0.0013010508491029
0.0033882067963913
-0.0035861793429383
0.0029368191132216
-0.0077312804911565
0.0110799168907061
0.0013667564688011
0.0036738615992524
0.0087450401244175
-0.0044226564114032
0.0154839844885745
0.0152562728299855
0.0023214191460800
0.0083895163218937
-0.0129771456558564
0.0079613262849551
0.0109802817205040
-0.0009011141473332
0.0078324635832587
-0.0021523049006903
0.0142313029779120
0.0057630035601837
-0.0001523969223917
0.0131013483656318
0.0147820811815154
0.0155853653411144
-0.0078362071419455
-0.0100567548112025
0.0097605537406970
-0.0040714430236199
0.0052147282028661
-0.0041530997666000
0.0135919143144469
-0.0016460827739366
0.0131030711096186
0.0122762005381196
0.0097276624450847
0.0124711603083735
0.0033378153715460
0.0036765512628113
-0.0036416152058285
-0.0095094120270568
0.0109595836707362
-0.0135620492347802
-0.0147354217786431
-0.0004403666700100
-0.0052316438659631
-0.0004522362142888
-0.0053479419054523
-0.0013548603998563
-0.0083669178997470
-0.0069723818766473
0.0135800966926011
0.0130137270843982
0.0082408929459877
0.0039590872332314
0.0072505238719620
0.0146001669826973
-0.0064848172361443
-0.0137510192351125
-0.0076393195317552
0.0063064517275820
-0.0136327089246888
-0.0031032472038045
0.0108268243621782
-0.0036452837715477
-0.0017126899841368
0.0061601434658505
0.0027375275104878
-0.0011908396793324
0.0004463353585687
-0.0144591446079805
0.0151668596500601
0.0047170368631775
0.0112455414759729
-0.0080745509777421
0.0039260086626635
-0.0002385356161103
0.0069532666956772
0.0094642225369912
0.0035185491971125
0.0146237616967140
0.0048062004419264
-0.0086530174917151
0.0146601740623163
-0.0046885645697354
-0.0102423668498314
0.0068061434082204
-0.0071170676879686
-0.0063597342215973
-0.0076420901403770
-0.0092185266131929
0.0126903898061495
0.0094316556725449
0.0149215996031588
-0.0018195523585079
-0.0131537237844929
0.0151792492146834
0.0035882864086203
0.0136243472653254
0.0038809703096694
0.0133504047340160
0.0051931611361689
-0.0116908698788858
-0.0030868389210103
0.0087817022117520
-0.0010338061173578
0.0131312818050620
0.0066195033054757
0.0126501277138583
-0.0010580146659709
0.0135522756621825
-0.0155355831663917
-0.0111195108718970
0.0031791654489568
-0.0089638372514472
-0.0022787801364738
-0.0060841545118273
0.0061892174240035
-0.0130316087006665
0.0030656121069317
-0.0001878255907534
0.0093853453501778
0.0040552464898212
-0.0123123739539324
0.0093599179394175
0.0145641846844071
-0.0065661258879707
-0.0005163373045267
-0.0142768623210360
0.0155056320003008
-0.0000965873227491
-0.0027057856036399
-0.0026272837836561
0.0100532753425232
0.0129409228359774
-0.0018555591680643
-0.0110961293339173
-0.0007669781883970
-0.0022666058265972
-0.0051786796381915
0.0051250088803076
-0.0124230134910878
-0.0130934059849476
-0.0048903698922055
-0.0152880211208734
-0.0058877772438069
-0.0097607873144012
-0.0099370777804579
0.0060012907864113
-0.0083619333417079
-0.0009828336876029
-0.0085500060972345
0.0104840173781961
0.0129687042713757
-0.0092291099157167
0.0022001084997485
0.0143644808793842
0.0148511714039164
0.0030967714940077
0.0069119637111454
0.0007548090042902
0.0027771516424139
0.0153775122878355
-0.0095091623911654
-0.0117759007934928
0.0074736418755671
0.0018787678868278
0.0142734823327280
-0.0083712766477120
0.0026778556568190
-0.0072867209007408
-0.0095719569004268
-0.0047196470073699
0.0107414971502717
0.0048794559039201
0.0103935280373723
-0.0080645803758264
0.0068378641170634
0.0069957614198005
0.0071537123867528
-0.0088172950478934
-0.0042917542777297
0.0111027191525850
-0.0104022957074705
-0.0028342268672828
-0.0095581212745865
-0.0155413093577425
0.0123866562291378
0.0144964538853855
0.0000781032574917
-0.0019337731990998
-0.0048848480766732
0.0014976560807822
-0.0118203512901447
0.0144414648868324
-0.0132734742576164
-0.0033732247128811
-0.0064095247248492
0.0135839130526217
-0.0032091700368830
-0.0026621128046246
-0.0064415949496106
-0.0037458164398660
0.0141852668168804
-0.0028892941852165
0.0036904566238710
0.0143772057094954
0.0061244330144100
-0.0143947463560198
-0.0155742255665550
0.0144613275364441
0.0082616525250210
-0.0142847612445117
-0.0040559907799134
-0.0143660471476638
0.0015901230741685
0.0009962441649497
0.0151175352758483
-0.0103752094910022
0.0113843041995880
-0.0116708808497731
0.0075443656216660
-0.0002907009378059
-0.0043052443394227
0.0097229117710596
-0.0141478023458590
0.0011950005786971
-0.0074304094473522
-0.0154561688976682
-0.0086946681841878
0.0061359309122446
0.0155024867828952
0.0006102679943408
-0.0052786580737449
0.0023009076777138
0.0096627763573935
0.0014760619471393
0.0037117769935180
-0.0028847503677403
0.0124081788050226
0.0049115326933532
0.0092633986142008
-0.0084597277343556
0.0075513041658563
0.0086082018219451
-0.0134227067375743
0.0125340203436118
-0.0149518858943768
0.0074620528524830
-0.0088383425211847
-0.0110159245342167
-0.0040616807198857
-0.0087866692512833
-0.0013679079427089
-0.0058727377980059
0.0090984701761903
-0.0145452572546794
-0.0112582345722269
-0.0116713968971976
0.0145387003363458
0.0050706096367164
0.0046932143889074
-0.0145581300573947
-0.0117719335467447
-0.0114317111135740
-0.0054280955556721
0.0022366044028073
-0.0056376359539939
-0.0026615104256159
0.0034955357680432
0.0004392225559700
-0.0088870865394731
0.0107449969185950
0.0096716547689255
-0.0115290010668918
0.0061157577511146
-0.0114960201069549
-0.0103663887725089
-0.0132359793002162
0.0035441023177374
-0.0125818334874304
-0.0070119917991339
-0.0032672268668295
-0.0043794753235537
-0.0076353717145119
0.0141117299876220
0.0020204044741367
0.0020349362610900
-0.0102902223005007
-0.0088167930051612
0.0014629684947943
0.0007810491454594
0.0086426375686290
-0.0151693849912974
0.0107239151709761
0.0059109500533144
-0.0008363347710441
0.0061945283851171
-0.0000446600286299
-0.0087567312265839
0.0098581029335011
0.0068140489169489
-0.0152095782653421
-0.0061014344470822
-0.0006804148253717
-0.0018981209366298
-0.0084688903100403
-0.0035958858105092
0.0073157418095435
0.0115631274696421
-0.0072376276653324
0.0136159816305475
-0.0039103769142172
0.0079163074531125
0.0022593181426904
-0.0053632628934220
0.0104506995889261
-0.0111593052173634
-0.0074182171751688
-0.0078691366989705
0.0028949264598540
0.0058182118697585
0.0110648468961963
-0.0084918885682758
0.0136757309146635
0.0020737524600151
-0.0145221652163311
0.0027113479852010
-0.0063634585940022
0.0021526798064201
-0.0108221869807462
0.0147053305022158
0.0153330794778370
0.0088252009285354
-0.0101665844986766
-0.0017234261902951
0.0005568122135711
-0.0150642152082007
0.0041645568503836
0.0091440938594365
-0.0144265515760048
0.0128119129028010
-0.0100235462691501
0.0091559173690467
-0.0081980012395671
-0.0071435524629603
0.0139411421236666
-0.0134587683651380
-0.0096184157023340
0.0061360387131777
0.0021352938764233
-0.0152037534730962
-0.0070006995835351
-0.0043626567224181
-0.0024122579954176
0.0125189228565190
-0.0104493189658743
0.0094072805008543
0.0038439331373629
0.0050590580953073
0.0122122679879209
0.0023539501262377
-0.0076114681054198
-0.0014985192270932
-0.0105847150844559
0.0083823786283587
-0.0039832248487583
-0.0098429572948904
0.0073155753898552
-0.0127320491495063
0.0059043067686158
0.0146559439483155
0.0046599815654926
-0.0080950253378318
0.0058932537843329
0.0132875377056837
0.0125036068616047
-0.0128822800434020
-0.0022798437993621
-0.0058993560299267
0.0136275431111367
0.0080298834962364
-0.0141264230219637
-0.0069917802795705
0.0117741381792915
0.0142313927724681
-0.0073630188350871
0.0051129216462590
-0.0136359470390396
-0.0149955396219522
-0.0065698941129962
0.0086732218625819
0.0107666260467011
-0.0026199946878843
0.0059963099290685
-0.0140589605622979
-0.0108687413742644
-0.0071252655505093
-0.0064981448927041
-0.0108710695989293
-0.0126717880350220
-0.0151295303357939
0.0045114439207773
-0.0135205417156821
-0.0138176753306667
-0.0054586177506000
0.0094621241968934
0.0135245223421479
-0.0102368059785120
0.0068348349932507
0.0147304409898495
0.0154117287888585
0.0100924440625201
-0.0064275310670979
0.0063019826519684
-0.0008340523764042
-0.0094309858245199
-0.0030138600558917
0.0141789668003915
-0.0061892541368396
